date,nav,shares,aum,nav_return,net_flow,ogr,is_outflow,ticker,type,region
2019-02-28,114.901141,3600000.0,413644107.59999996,0.026135299373563514,17235171.149999976,0.044614578233633136,False,CRBN,ESG,Global
2019-03-31,116.444816,3650000.0,425023578.40000004,0.013434810016377474,5822240.8000000715,0.014075483472449862,False,CRBN,ESG,Global
2019-04-30,120.492066,3750000.0,451845247.5,0.034756807035531745,12049206.599999964,0.028349501562617223,False,CRBN,ESG,Global
2019-05-31,113.498118,3750000.0,425617942.5,-0.058044884050705736,-5.960464477539063e-08,-1.3191384684286322e-16,True,CRBN,ESG,Global
2019-06-30,119.718556,3800000.0,454930512.8,0.05480652991972956,5985927.800000012,0.014064087065596422,False,CRBN,ESG,Global
2019-07-31,120.256557,3900000.0,469000572.3,0.004493881466461902,12025655.700000048,0.02643404951227542,False,CRBN,ESG,Global
2019-08-31,117.524414,3900000.0,458345214.59999996,-0.022719285069836226,0.0,0.0,False,CRBN,ESG,Global
2019-09-30,120.049106,4000000.0,480196424.0,0.021482276865468997,12004910.600000024,0.026191853252960796,False,CRBN,ESG,Global
2019-10-31,123.441126,3750000.0,462904222.5,0.02825527080559853,-30860281.5,-0.06426595442534991,True,CRBN,ESG,Global
2019-11-30,126.393086,3750000.0,473974072.5,0.023913910182575604,0.0,0.0,False,CRBN,ESG,Global
2019-12-31,129.45618,3800000.0,491933483.99999994,0.024234664228389713,6472809.0,0.013656462189711864,False,CRBN,ESG,Global
2020-01-31,128.289304,3950000.0,506742750.79999995,-0.009013675515529673,19243395.600000024,0.0391178812296502,False,CRBN,ESG,Global
2020-02-29,118.001164,4100000.0,483804772.40000004,-0.08019483837873176,17700174.600000024,0.034929309934984915,False,CRBN,ESG,Global
2020-03-31,102.135633,4000000.0,408542532.0,-0.1344523262499343,-10213563.300000012,-0.021110918871952846,True,CRBN,ESG,Global
2020-04-30,113.034378,4100000.0,463440949.8,0.10670854705526733,11303437.799999952,0.027667713676381562,False,CRBN,ESG,Global
2020-05-31,118.112564,4100000.0,484261512.40000004,0.04492603126457695,0.0,0.0,False,CRBN,ESG,Global
2020-06-30,120.743871,3400000.0,410529161.4,0.02227796020074546,-84520709.70000005,-0.17453526149768833,True,CRBN,ESG,Global
2020-07-31,127.087411,3400000.0,432097197.40000004,0.052537159422361146,5.960464477539063e-08,1.45189794976135e-16,False,CRBN,ESG,Global
2020-08-31,135.130453,3400000.0,459443540.2,0.06328748014230912,0.0,0.0,False,CRBN,ESG,Global
2020-09-30,130.782066,3650000.0,477354540.9,-0.032179178737749115,32695516.5,0.07116329568104786,False,CRBN,ESG,Global
2020-10-31,127.653053,3750000.0,478698948.75,-0.0239253981505384,12765305.300000012,0.026741769913683905,False,CRBN,ESG,Global
2020-11-30,143.545701,3950000.0,567005518.95,0.12449876933221504,28709140.19999993,0.05997326769771798,False,CRBN,ESG,Global
2020-12-31,149.086126,4150000.0,618707422.9,0.038596941332293966,29817225.19999993,0.052587186902900825,False,CRBN,ESG,Global
2021-01-31,148.183435,4350000.0,644597942.25,-0.0060548290053495935,29636687.0,0.04790097209612773,False,CRBN,ESG,Global
2021-02-28,151.473485,4550000.0,689204356.75,0.022202549158075735,30294696.99999988,0.046997818352095246,False,CRBN,ESG,Global
2021-03-31,155.632129,4950000.0,770379038.55,0.027454600387651906,62252851.600000024,0.09032567915495845,False,CRBN,ESG,Global
2021-04-30,162.479697,4950000.0,804274500.15,0.04399842143134847,1.1920928955078125e-07,1.5474108664113686e-16,False,CRBN,ESG,Global
2021-05-31,165.184204,5000000.0,825921020.0,0.016645199676855738,8259210.1999999285,0.01026914343107926,False,CRBN,ESG,Global
2021-06-30,166.007889,5000000.0,830039445.0,0.0049864634756482396,-1.1920928955078125e-07,-1.4433497473012764e-16,True,CRBN,ESG,Global
2021-07-31,167.228401,5150000.0,861226265.15,0.007352132524256039,25084260.150000095,0.0302205639757278,False,CRBN,ESG,Global
2021-08-31,171.265326,5250000.0,899142961.4999999,0.024140187766311216,17126532.600000024,0.01988621723818083,False,CRBN,ESG,Global
2021-09-30,164.006967,6300000.0,1033243892.1,-0.04238078523845501,172207315.35000002,0.19152384295230904,False,CRBN,ESG,Global
2021-10-31,172.74856,6850000.0,1183327636.0,0.05330013206085327,95011708.0,0.09195477343388402,False,CRBN,ESG,Global
2021-11-30,168.649156,7700000.0,1298598501.2,-0.023730466986237042,143351782.5999999,0.12114293475353254,False,CRBN,ESG,Global
2021-12-31,173.663412,7700000.0,1337208272.3999999,0.02973187722326931,-2.384185791015625e-07,-1.8359683834629895e-16,True,CRBN,ESG,Global
2022-01-31,165.535176,7750000.0,1282897614.0,-0.04680453934649165,8276758.799999952,0.006189580913334434,False,CRBN,ESG,Global
2022-02-28,160.419031,7750000.0,1243247490.25,-0.030906693813525288,2.384185791015625e-07,1.8584380896787802e-16,False,CRBN,ESG,Global
2022-03-31,163.574155,7200000.0,1177733916.0,0.0196680155735387,-89965785.25,-0.07236353658908985,True,CRBN,ESG,Global
2022-04-30,150.339858,7200000.0,1082446977.6,-0.08090701737080652,0.0,0.0,False,CRBN,ESG,Global
2022-05-31,150.493677,6800000.0,1023357003.5999999,0.0010231418470543208,-60197470.79999995,-0.05561239676928075,True,CRBN,ESG,Global
2022-06-30,136.724233,6600000.0,902379937.8,-0.09149516627200216,-27344846.600000024,-0.026720730403764666,True,CRBN,ESG,Global
2022-07-31,146.345952,6200000.0,907344902.4000001,0.0703731795664928,-58538380.79999983,-0.06487110179190847,True,CRBN,ESG,Global
2022-08-31,140.276327,6200000.0,869713227.4000001,-0.04147449872750841,0.0,0.0,False,CRBN,ESG,Global
2022-09-30,126.815993,6000000.0,760895958.0,-0.0959558486301113,-25363198.600000143,-0.02916271456031915,True,CRBN,ESG,Global
2022-10-31,134.622117,6000000.0,807732702.0,0.061554728353544474,0.0,0.0,False,CRBN,ESG,Global
2022-11-30,146.204766,6000000.0,877228596.0,0.08603823248448839,0.0,0.0,False,CRBN,ESG,Global
2022-12-31,138.275982,6000000.0,829655892.0,-0.054230680824727706,0.0,0.0,False,CRBN,ESG,Global
2023-01-31,148.658579,6000000.0,891951474.0,0.07508604784307371,0.0,0.0,False,CRBN,ESG,Global
2023-02-28,143.833182,6000000.0,862999092.0,-0.032459593199797854,1.1920928955078125e-07,1.3364997202839003e-16,False,CRBN,ESG,Global
2023-03-31,148.338816,6000000.0,890032896.0,0.03132541418711021,0.0,0.0,False,CRBN,ESG,Global
2023-04-30,150.651631,5900000.0,888844622.9000001,0.015591434948489802,-15065163.099999905,-0.016926523915808057,True,CRBN,ESG,Global
2023-05-31,149.217245,5600000.0,835616572.0,-0.009521211224059134,-44765173.5,-0.05036332824284445,True,CRBN,ESG,Global
2023-06-30,156.30105,5550000.0,867470827.5,0.04747309870249916,-7815052.5,-0.009352438381272313,True,CRBN,ESG,Global
2023-07-31,161.660677,5550000.0,897216757.3499999,0.03429040943742856,0.0,0.0,False,CRBN,ESG,Global
2023-08-31,157.222123,5550000.0,872582782.6500001,-0.027455990426168864,1.1920928955078125e-07,1.3286565211162043e-16,False,CRBN,ESG,Global
2023-09-30,150.361396,5550000.0,834505747.8000001,-0.04363716040140231,0.0,0.0,False,CRBN,ESG,Global
2023-10-31,146.278446,5550000.0,811845375.3000001,-0.027154243766132735,1.1920928955078125e-07,1.4285017193117199e-16,False,CRBN,ESG,Global
2023-11-30,159.723163,5550000.0,886463554.65,0.09191181180582131,-1.1920928955078125e-07,-1.4683743133565307e-16,True,CRBN,ESG,Global
2023-12-31,165.637233,5200000.0,861313611.6,0.0370270027772992,-57973031.55000007,-0.06539809927424417,True,CRBN,ESG,Global
2024-01-31,166.420627,5200000.0,865387260.4,0.004729576712984462,0.0,0.0,False,CRBN,ESG,Global
2024-02-29,174.591724,5200000.0,907876964.8,0.04909906390389929,0.0,0.0,False,CRBN,ESG,Global
2024-03-31,179.452944,5200000.0,933155308.8,0.027843358714986888,1.1920928955078125e-07,1.3130555589880218e-16,False,CRBN,ESG,Global
2024-04-30,172.545953,5200000.0,897238955.6,-0.038489148442167664,1.1920928955078125e-07,1.277486056464487e-16,False,CRBN,ESG,Global
2024-05-31,180.675123,5200000.0,939510639.6,0.047113072539000767,-1.1920928955078125e-07,-1.3286236493272165e-16,True,CRBN,ESG,Global
2024-06-30,183.331687,5200000.0,953324772.4,0.014703540564352968,1.1920928955078125e-07,1.268844486971803e-16,False,CRBN,ESG,Global
2024-07-31,186.947325,5150000.0,962778723.75,0.01972183892029533,-9347366.25,-0.009805017681925916,True,CRBN,ESG,Global
2024-08-31,191.756738,5150000.0,987547200.7,0.025726032720714276,0.0,0.0,False,CRBN,ESG,Global
2024-09-30,196.309199,5150000.0,1010992374.85,0.023740813738706734,0.0,0.0,False,CRBN,ESG,Global
2024-10-31,192.547319,5100000.0,981991326.9,-0.019163034738886697,-9627365.949999928,-0.009522688983117535,True,CRBN,ESG,Global
2024-11-30,201.029393,5000000.0,1005146965.0,0.04405189355038486,-20102939.299999952,-0.02047160575588985,True,CRBN,ESG,Global
2024-12-31,193.620269,5000000.0,968101345.0,-0.036855923849901884,0.0,0.0,False,CRBN,ESG,Global
2025-01-31,199.754784,4950000.0,988786180.8,0.03168322733814599,-9987739.199999928,-0.010316832273381387,True,CRBN,ESG,Global
2025-02-28,198.997682,4950000.0,985038525.9,-0.003790157035738373,0.0,0.0,False,CRBN,ESG,Global
2025-03-31,191.128184,4950000.0,946084510.8000001,-0.039545676717983036,0.0,0.0,False,CRBN,ESG,Global
2025-04-30,192.832949,4900000.0,944881450.1,0.008919485155574947,-9641647.450000048,-0.010191105910662423,True,CRBN,ESG,Global
2025-05-31,203.618016,4850000.0,987547377.6,0.05592958597547559,-10180900.799999952,-0.010774791693627252,True,CRBN,ESG,Global
2025-06-30,211.664593,4800000.0,1015990046.4,0.03951800119690785,-10583229.650000095,-0.010716680424710487,True,CRBN,ESG,Global
2025-07-31,213.513091,4800000.0,1024862836.8000001,0.008733146974657213,1.1920928955078125e-07,1.1733312739940762e-16,False,CRBN,ESG,Global
2025-08-31,219.020766,4800000.0,1051299676.8000001,0.025795490919102493,0.0,0.0,False,CRBN,ESG,Global
2025-09-30,227.258947,4550000.0,1034028208.85,0.03761369823717997,-56814736.75000012,-0.0540423801165199,True,CRBN,ESG,Global
2025-10-31,231.234691,4300000.0,994309171.3,0.017494334337472717,-57808672.75,-0.05590628210645455,True,CRBN,ESG,Global
2025-11-30,231.16577,4300000.0,994012811.0,-0.00029805648841851884,0.0,0.0,False,CRBN,ESG,Global
2025-12-31,230.317382,4300000.0,990364742.6,-0.0036700416328939722,0.0,0.0,False,CRBN,ESG,Global
2020-07-31,52.504482,200000.0,10500896.4,0.027594708108065413,1.862645149230957e-09,1.822743721605414e-16,False,DMXF,ESG,Developed exUS
2020-08-31,55.789003,200000.0,11157800.6,0.06255696418450518,0.0,0.0,False,DMXF,ESG,Developed exUS
2020-09-30,55.013231,400000.0,22005292.4,-0.013905464487329211,11002646.2,0.9860945355126708,False,DMXF,ESG,Developed exUS
2020-10-31,52.959338,900000.0,47663404.2,-0.03733452776114887,26479669.000000004,1.203331840298564,False,DMXF,ESG,Developed exUS
2020-11-30,60.394915,1000000.0,60394915.0,0.14040162284505886,6039491.5,0.12671129142722876,False,DMXF,ESG,Developed exUS
2020-12-31,63.132584,1000000.0,63132584.0,0.04532946192572673,0.0,0.0,False,DMXF,ESG,Developed exUS
2021-01-31,62.402569,1000000.0,62402569.0,-0.011563204826211426,0.0,0.0,False,DMXF,ESG,Developed exUS
2021-02-28,63.545508,1500000.0,95318262.0,0.018315576078286044,31772754.000000007,0.5091577880391431,False,DMXF,ESG,Developed exUS
2021-03-31,64.70997,1900000.0,122948943.0,0.018324851537893094,25883988.0,0.2715532937434382,False,DMXF,ESG,Developed exUS
2021-04-30,66.651238,2200000.0,146632723.60000002,0.029999519393997698,19995371.400000006,0.1626315030622102,False,DMXF,ESG,Developed exUS
2021-05-31,68.80467,2200000.0,151370274.0,0.03230895726197902,0.0,0.0,False,DMXF,ESG,Developed exUS
2021-06-30,67.450449,2700000.0,182116212.3,-0.019682108787092423,33725224.5,0.22279952073020626,False,DMXF,ESG,Developed exUS
2021-07-31,68.353009,3300000.0,225564929.7,0.013381082162996272,41011805.400000006,0.22519579603622145,False,DMXF,ESG,Developed exUS
2021-08-31,70.246438,3500000.0,245862533.0,0.027700741016390307,14049287.600000024,0.06228489339493286,False,DMXF,ESG,Developed exUS
2021-09-30,67.614702,3700000.0,250174397.39999998,-0.03746433377874625,13522940.399999976,0.05500203806978583,False,DMXF,ESG,Developed exUS
2021-10-31,69.509962,3900000.0,271088851.8,0.02803029435817095,13901992.400000006,0.05556920510044169,False,DMXF,ESG,Developed exUS
2021-11-30,66.869966,4600000.0,307601843.6,-0.037980109958914876,46808976.19999999,0.17267023667404086,False,DMXF,ESG,Developed exUS
2021-12-31,68.693057,4700000.0,322857367.9,0.027263226064747625,6869305.699999988,0.022331809262277087,False,DMXF,ESG,Developed exUS
2022-01-31,64.507967,4800000.0,309638241.59999996,-0.060924497798955146,6450796.699999988,0.01998032983406475,False,DMXF,ESG,Developed exUS
2022-02-28,61.664367,5000000.0,308321835.0,-0.044081376801101135,12332873.400000036,0.03982994263328757,False,DMXF,ESG,Developed exUS
2022-03-31,61.437328,6500000.0,399342632.0,-0.0036818508166961417,92155992.0,0.29889544475499114,False,DMXF,ESG,Developed exUS
2022-04-30,56.902091,6500000.0,369863591.5,-0.0738189167341392,0.0,0.0,False,DMXF,ESG,Developed exUS
2022-05-31,57.677586,6500000.0,374904309.0,0.01362858528344768,0.0,0.0,False,DMXF,ESG,Developed exUS
2022-06-30,51.751256,6500000.0,336383164.0,-0.10274927248168808,0.0,0.0,False,DMXF,ESG,Developed exUS
2022-07-31,55.071138,6900000.0,379990852.2,0.06415075220589816,22028455.199999988,0.06548620013574755,False,DMXF,ESG,Developed exUS
2022-08-31,51.363019,6900000.0,354404831.1,-0.0673332553977729,0.0,0.0,False,DMXF,ESG,Developed exUS
2022-09-30,46.209199,7100000.0,328085312.9,-0.10034106445339597,9241839.799999952,0.026077070595553604,False,DMXF,ESG,Developed exUS
2022-10-31,48.603427,7300000.0,354805017.1,0.05181280030411273,9720685.400000036,0.029628529586031453,False,DMXF,ESG,Developed exUS
2022-11-30,55.612451,7300000.0,405970892.3,0.14420843205150935,0.0,0.0,False,DMXF,ESG,Developed exUS
2022-12-31,54.242046,7300000.0,395966935.8,-0.02464205362932126,0.0,0.0,False,DMXF,ESG,Developed exUS
2023-01-31,59.257086,7300000.0,432576727.8,0.09245668941027785,0.0,0.0,False,DMXF,ESG,Developed exUS
2023-02-28,57.324488,7300000.0,418468762.40000004,-0.03261378731988274,5.960464477539063e-08,1.3778976293645777e-16,False,DMXF,ESG,Developed exUS
2023-03-31,59.453067,7300000.0,434007389.09999996,0.037132106613843474,0.0,0.0,False,DMXF,ESG,Developed exUS
2023-04-30,60.798207,7300000.0,443826911.09999996,0.022625241520340733,0.0,0.0,False,DMXF,ESG,Developed exUS
2023-05-31,59.336046,7600000.0,450953949.6,-0.024049409878156403,17800813.80000007,0.04010755849815812,False,DMXF,ESG,Developed exUS
2023-06-30,60.553582,7600000.0,460207223.2,0.02051933153752783,-5.960464477539063e-08,-1.321745708808193e-16,True,DMXF,ESG,Developed exUS
2023-07-31,62.163623,7800000.0,484876259.40000004,0.02658869957519605,12432724.600000083,0.027015492094084288,False,DMXF,ESG,Developed exUS
2023-08-31,59.480596,7800000.0,463948648.8,-0.04316072439986329,0.0,0.0,False,DMXF,ESG,Developed exUS
2023-09-30,56.870983,8000000.0,454967864.0,-0.04387334989044156,11374196.599999964,0.02451606795152706,False,DMXF,ESG,Developed exUS
2023-10-31,55.221522,8000000.0,441772176.0,-0.029003560567961384,0.0,0.0,False,DMXF,ESG,Developed exUS
2023-11-30,60.907688,8700000.0,529896885.6,0.10297010647406646,42635381.600000024,0.09650988431648086,False,DMXF,ESG,Developed exUS
2023-12-31,63.944923,8800000.0,562715322.4,0.04986620079882198,6394492.299999952,0.012067427595388668,False,DMXF,ESG,Developed exUS
2024-01-31,63.95485,9000000.0,575593650.0,0.00015524297370728135,12790970.0,0.022730800976675167,False,DMXF,ESG,Developed exUS
2024-02-29,66.549386,9200000.0,612254351.1999999,0.04056824462882802,13309877.199999928,0.023123738769529386,False,DMXF,ESG,Developed exUS
2024-03-31,68.10662,9400000.0,640202228.0000001,0.023399674942155002,13621324.000000238,0.02224781902048202,False,DMXF,ESG,Developed exUS
2024-04-30,65.226262,9600000.0,626172115.2,-0.04229189467925443,13045252.399999976,0.020376768198313695,False,DMXF,ESG,Developed exUS
2024-05-31,68.882157,9700000.0,668156922.9000001,0.05604943297225895,6888215.700000048,0.01100051492679444,False,DMXF,ESG,Developed exUS
2024-06-30,67.218419,9900000.0,665462348.1,-0.024153395777080644,13443683.799999952,0.020120548540678677,False,DMXF,ESG,Developed exUS
2024-07-31,69.174339,9900000.0,684825956.1,0.029097976850660734,-1.1920928955078125e-07,-1.7913754232849172e-16,True,DMXF,ESG,Developed exUS
2024-08-31,71.533947,9900000.0,708186075.3,0.03411103068147847,0.0,0.0,False,DMXF,ESG,Developed exUS
2024-09-30,71.920726,10800000.0,776743840.8000001,0.0054069293841705335,64728653.400000095,0.09140062994401564,False,DMXF,ESG,Developed exUS
2024-10-31,67.596888,10800000.0,730046390.4000001,-0.06011949879371348,0.0,0.0,False,DMXF,ESG,Developed exUS
2024-11-30,67.572823,11900000.0,804116593.7,-0.00035600751324538216,74330105.30000007,0.10181559182735474,False,DMXF,ESG,Developed exUS
2024-12-31,64.356752,12000000.0,772281024.0,-0.04759414890806024,6435675.1999999285,0.008003410513377555,False,DMXF,ESG,Developed exUS
2025-01-31,67.221,12200000.0,820096200.0,0.044505788607852814,13444199.99999988,0.017408429810130722,False,DMXF,ESG,Developed exUS
2025-02-28,68.365207,12300000.0,840892046.1,0.017021570640127326,6836520.700000048,0.008336242382296183,False,DMXF,ESG,Developed exUS
2025-03-31,67.09914,11100000.0,744800454.0000001,-0.0185191716014258,-80518968.0,-0.0957542271608365,True,DMXF,ESG,Developed exUS
2025-04-30,70.121181,11000000.0,771332991.0000001,0.045038446096328455,-7012118.100000024,-0.00941476077564263,True,DMXF,ESG,Developed exUS
2025-05-31,73.388383,11000000.0,807272213.0,0.04659365334990584,-1.1920928955078125e-07,-1.5454970932363665e-16,True,DMXF,ESG,Developed exUS
2025-06-30,74.479996,11100000.0,826727955.6,0.014874465894690658,7447999.600000024,0.009226131508133582,False,DMXF,ESG,Developed exUS
2025-07-31,71.450535,11100000.0,793100938.5,-0.04067482764096819,0.0,0.0,False,DMXF,ESG,Developed exUS
2025-08-31,74.004254,11100000.0,821447219.4,0.035741075976547965,0.0,0.0,False,DMXF,ESG,Developed exUS
2025-09-30,76.235987,9000000.0,686123883.0,0.030156820444402932,-160095572.6999998,-0.19489453359758954,True,DMXF,ESG,Developed exUS
2025-10-31,77.049591,8700000.0,670331441.7,0.010672177694767804,-23114877.30000007,-0.033689072589825696,True,DMXF,ESG,Developed exUS
2025-11-30,76.392185,8600000.0,656972791.0,-0.008532245161431251,-7639218.5,-0.011396181090098491,True,DMXF,ESG,Developed exUS
2025-12-31,75.439827,8600000.0,648782512.1999999,-0.012466694073484108,0.0,0.0,False,DMXF,ESG,Developed exUS
2019-02-28,52.025524,25200000.0,1311043204.8,0.0344644079427614,2.384185791015625e-07,1.8812159154623484e-16,False,DSI,ESG,US
2019-03-31,52.754378,25400000.0,1339961201.2,0.0140095465448844,10550875.600000143,0.008047694813848398,False,DSI,ESG,US
2019-04-30,54.881882,25800000.0,1415952555.6,0.040328482310984626,21952752.799999952,0.016383125705684762,False,DSI,ESG,US
2019-05-31,51.412889,26200000.0,1347017691.8,-0.06320834624439442,20565155.599999905,0.014523901608613972,False,DSI,ESG,US
2019-06-30,54.687686,26500000.0,1449223679.0,0.06369603155348846,16406305.799999952,0.012179725552139146,False,DSI,ESG,US
2019-07-31,55.774522,26700000.0,1489179737.3999999,0.019873504978799028,11154904.399999857,0.007697158528141781,False,DSI,ESG,US
2019-08-31,54.803574,27200000.0,1490657212.8,-0.017408450403214593,27401787.00000024,0.018400590816419364,False,DSI,ESG,US
2019-09-30,55.438357,28100000.0,1557817831.7,0.011582875963527695,49894521.299999714,0.033471492219381234,False,DSI,ESG,US
2019-10-31,56.574382,29000000.0,1640657078.0,0.02049167871262836,50916943.80000019,0.032684786862682176,False,DSI,ESG,US
2019-11-30,58.637342,29800000.0,1747392791.6,0.036464560938553436,46909873.599999905,0.028592125818994518,False,DSI,ESG,US
2019-12-31,60.103277,30700000.0,1845170603.8999999,0.025000024728269565,54092949.29999995,0.030956376585753082,False,DSI,ESG,US
2020-01-31,60.384513,31000000.0,1871919903.0,0.004679212416321299,18115353.900000095,0.009817712173449447,False,DSI,ESG,US
2020-02-29,55.874896,31600000.0,1765646713.6,-0.07468168203989656,33524937.599999905,0.017909386799227756,False,DSI,ESG,US
2020-03-31,48.763655,31800000.0,1550684229.0,-0.12727076932724846,9752731.0,0.005523602725776909,False,DSI,ESG,US
2020-04-30,55.025179,32600000.0,1793820835.4,0.12840555122457498,44020143.20000005,0.028387561037096255,False,DSI,ESG,US
2020-05-31,58.000109,32800000.0,1902403575.2,0.054064885459073286,11600021.799999714,0.0064666557390125595,False,DSI,ESG,US
2020-06-30,59.07435,32800000.0,1937638680.0,0.018521361744337383,0.0,0.0,False,DSI,ESG,US
2020-07-31,61.821451,33400000.0,2064836463.4,0.04650243295101841,37092870.60000038,0.019143337188128585,False,DSI,ESG,US
2020-08-31,66.824599,33600000.0,2245306526.4,0.08092899663581177,13364919.799999714,0.006472628722369991,False,DSI,ESG,US
2020-09-30,64.023603,33700000.0,2157595421.1,-0.041915642471719305,6402360.300000191,0.0028514415402628255,False,DSI,ESG,US
2020-10-31,62.420358,34900000.0,2178470494.2,-0.02504146790988937,74904429.5999999,0.034716624288075114,False,DSI,ESG,US
2020-11-30,69.305776,35900000.0,2488077358.3999996,0.11030724943935755,69305776.0,0.031813961301987326,False,DSI,ESG,US
2020-12-31,71.512374,36750000.0,2628079744.5,0.031838587306200816,60785517.90000057,0.02443071864095485,False,DSI,ESG,US
2021-01-31,70.842648,36600000.0,2592840916.7999997,-0.009365176437856726,-10626397.200000286,-0.0040434074431108975,True,DSI,ESG,US
2021-02-28,73.356155,38300000.0,2809540736.5,0.035480139025859225,124705463.5,0.04809607203125576,False,DSI,ESG,US
2021-03-31,76.275748,38000000.0,2898478423.9999995,0.03980024580077823,-22882724.400000095,-0.008144649444914748,True,DSI,ESG,US
2021-04-30,80.244251,38750000.0,3109464726.25,0.05202837211114608,60183188.25000048,0.02076371787061489,False,DSI,ESG,US
2021-05-31,80.872829,38950000.0,3149996689.5499997,0.007833308831058705,16174565.80000019,0.005201720303644236,False,DSI,ESG,US
2021-06-30,82.821823,39450000.0,3267320917.35,0.024099490819098124,41410911.50000048,0.013146334927074585,False,DSI,ESG,US
2021-07-31,85.074912,39500000.0,3360459024.0,0.027204049831165866,4253745.599999905,0.0013019062735502445,False,DSI,ESG,US
2021-08-31,87.621507,39650000.0,3474192752.5499997,0.02993356020162552,13143226.05000019,0.003911140102031546,False,DSI,ESG,US
2021-09-30,83.188226,41100000.0,3419036088.6,-0.05059580862949542,120622927.69999981,0.03471969930610919,False,DSI,ESG,US
2021-10-31,90.917629,42250000.0,3841269825.25,0.09291462712523768,104555273.3499999,0.030580336282092998,False,DSI,ESG,US
2021-11-30,89.589051,44300000.0,3968794959.2999997,-0.01461298556300894,183657554.5499997,0.04781167762356991,False,DSI,ESG,US
2021-12-31,92.867162,45250000.0,4202239080.4999995,0.036590531581811137,88223803.9000001,0.022229368058752186,False,DSI,ESG,US
2022-01-31,86.928258,44500000.0,3868307481.0,-0.06395052752877273,-65196193.49999952,-0.01551463214040697,True,DSI,ESG,US
2022-02-28,84.040521,44800000.0,3765015340.7999997,-0.0332197730224848,25212156.299999714,0.0065176195077135115,False,DSI,ESG,US
2022-03-31,86.536708,46900000.0,4058571605.2000003,0.029702183783463232,181727086.80000067,0.048267289864850016,False,DSI,ESG,US
2022-04-30,78.644997,45950000.0,3613737612.15,-0.0911949527823499,-74712747.1500001,-0.018408631020400183,True,DSI,ESG,US
2022-05-31,78.118371,48900000.0,3819988341.8999996,-0.006696242864628887,230449194.4499998,0.06377031737865817,False,DSI,ESG,US
2022-06-30,71.895467,48750000.0,3504904016.25,-0.07965993044068986,-10784320.049999237,-0.002823129047727746,True,DSI,ESG,US
2022-07-31,78.1243,48900000.0,3820278270.0000005,0.08663735364567571,11718645.0,0.0033434995496790017,False,DSI,ESG,US
2022-08-31,74.333105,49350000.0,3668338731.75,-0.04852773080846806,33449897.249999523,0.008755879777836057,False,DSI,ESG,US
2022-09-30,66.896463,49100000.0,3284616333.2999997,-0.10004481852332159,-16724115.75,-0.004559043472526234,True,DSI,ESG,US
2022-10-31,71.753563,49300000.0,3537450655.9,0.0726062303174384,14350712.600000381,0.004369068147932656,False,DSI,ESG,US
2022-11-30,76.818856,49400000.0,3794851486.3999996,0.07059291257773492,7681885.599999905,0.002171588057966981,False,DSI,ESG,US
2022-12-31,71.793527,49900000.0,3582496997.2999997,-0.06541790989441443,35896763.5,0.009459332895805523,False,DSI,ESG,US
2023-01-31,76.876352,46250000.0,3555531280.0,0.07079781719039935,-280598684.7999997,-0.07832489043577062,True,DSI,ESG,US
2023-02-28,75.25244,45950000.0,3457849618.0000005,-0.021123687034473093,-22575732.0,-0.006349467975992606,True,DSI,ESG,US
2023-03-31,78.044768,45500000.0,3551036944.0,0.037106145661190526,-35120145.60000038,-0.010156643428673357,True,DSI,ESG,US
2023-04-30,78.327958,45150000.0,3536507303.7,0.003628558419188188,-27414785.299999714,-0.007720219680147522,True,DSI,ESG,US
2023-05-31,79.25924,44900000.0,3558739876.0000005,0.011889522257174212,-19814809.999999523,-0.00560293201692774,True,DSI,ESG,US
2023-06-30,84.176127,44850000.0,3775299295.95,0.0620355052609638,-4208806.3500003815,-0.0011826676005134299,True,DSI,ESG,US
2023-07-31,87.21687,44350000.0,3868068184.5,0.036123579313645626,-43608435.0,-0.011550987506283675,True,DSI,ESG,US
2023-08-31,86.082424,44250000.0,3809147262.0,-0.013007185421811118,-8608242.400000095,-0.002225462941551747,True,DSI,ESG,US
2023-09-30,81.375896,44350000.0,3609020987.6,-0.05467466854790248,8137589.6000003815,0.002136328432660208,False,DSI,ESG,US
2023-10-31,79.108065,44850000.0,3547996715.25,-0.027868584082932912,39554032.50000048,0.010959767935930991,False,DSI,ESG,US
2023-11-30,87.081572,44400000.0,3866421796.7999997,0.10079259301817078,-39186707.400000095,-0.011044741735968295,True,DSI,ESG,US
2023-12-31,91.007416,44900000.0,4086232978.4,0.04508237402972015,45503708.0,0.01176894565348784,False,DSI,ESG,US
2024-01-31,92.735362,44150000.0,4094266232.2999997,0.018986870256815003,-69551521.5,-0.017020938812753034,True,DSI,ESG,US
2024-02-29,97.539299,44050000.0,4296606120.95,0.05180264460497819,-9753929.899999619,-0.002382338945877547,True,DSI,ESG,US
2024-03-31,100.910998,44200000.0,4460266111.6,0.03456759515977259,15136649.69999981,0.003522931652076366,False,DSI,ESG,US
2024-04-30,96.189632,44150000.0,4246772252.8,-0.046787427471483345,-4809481.599999905,-0.0010782947653037304,True,DSI,ESG,US
2024-05-31,100.619626,44150000.0,4442356487.9,0.046054797257151225,0.0,0.0,False,DSI,ESG,US
2024-06-30,103.878908,44250000.0,4596641679.0,0.03239211006409426,10387890.80000019,0.002338373975230155,False,DSI,ESG,US
2024-07-31,104.641484,43900000.0,4593761147.6,0.007341009014072419,-36624519.39999962,-0.007967668997851337,True,DSI,ESG,US
2024-08-31,106.259552,43650000.0,4638229444.8,0.015462968778233277,-26564888.0,-0.005782818728805429,True,DSI,ESG,US
2024-09-30,108.827094,43350000.0,4717654524.900001,0.02416292890073546,-32648128.19999981,-0.007038920473544532,True,DSI,ESG,US
2024-10-31,107.83231,43500000.0,4690705485.0,-0.009140958960091261,16174846.499999046,0.003428577996677682,False,DSI,ESG,US
2024-11-30,114.270523,43450000.0,4965054224.349999,0.059705787625248696,-5713526.1499996185,-0.0012180526294542277,True,DSI,ESG,US
2024-12-31,110.294396,43450000.0,4792291506.2,-0.034795736429770185,0.0,0.0,False,DSI,ESG,US
2025-01-31,112.076821,43050000.0,4824907144.05,0.016160612548256736,-44830728.39999962,-0.009354758228292273,True,DSI,ESG,US
2025-02-28,109.155068,41800000.0,4562681842.4,-0.026069199446690172,-136443835.00000095,-0.02827905924951558,True,DSI,ESG,US
2025-03-31,102.350792,41350000.0,4232205249.2,-0.062335868821042806,-46057856.39999962,-0.010094470311735102,True,DSI,ESG,US
2025-04-30,102.010966,41350000.0,4218153444.1,-0.0033202087972118433,0.0,0.0,False,DSI,ESG,US
2025-05-31,110.96942,40550000.0,4499809981.0,0.08781853903824421,-88775536.0,-0.021046066051525886,True,DSI,ESG,US
2025-06-30,116.195533,40350000.0,4688489756.55,0.04709507357973042,-23239106.60000038,-0.005164463988062873,True,DSI,ESG,US
2025-07-31,119.779714,39800000.0,4767232617.2,0.03084611695012418,-65878842.70000076,-0.014051186228564432,True,DSI,ESG,US
2025-08-31,121.332499,39700000.0,4816900210.3,0.01296367262990783,-12133249.899998665,-0.00254513485585376,True,DSI,ESG,US
2025-09-30,126.001657,39300000.0,4951865120.099999,0.03848233604749218,-50400662.800001144,-0.010463298096196632,True,DSI,ESG,US
2025-10-31,129.706658,39000000.0,5058559662.0,0.02940438315029459,-38911997.39999962,-0.00785804872633805,True,DSI,ESG,US
2025-11-30,128.096724,39200000.0,5021391580.8,-0.012412115344148433,25619344.800001144,0.005064553254645619,False,DSI,ESG,US
2025-12-31,128.76712,39600000.0,5099177952.0,0.0052335140124271096,51506847.99999905,0.01025748483686131,False,DSI,ESG,US
2019-02-28,51.24609,1100000.0,56370699.0,-0.003612486549443572,0.0,0.0,False,EAGG,ESG,Fixed Income
2019-03-31,52.075747,1100000.0,57283321.7,0.016189664421226935,7.450580596923828e-09,1.3217115858229517e-16,False,EAGG,ESG,Fixed Income
2019-04-30,51.942357,1100000.0,57136592.7,-0.0025614610962757522,0.0,0.0,False,EAGG,ESG,Fixed Income
2019-05-31,52.726512,1300000.0,68544465.6,0.015096638760539793,10545302.399999999,0.18456302522918902,False,EAGG,ESG,Fixed Income
2019-06-30,53.282133,1300000.0,69266772.9,0.010537791690070408,1.4901161193847656e-08,2.1739408227070133e-16,False,EAGG,ESG,Fixed Income
2019-07-31,53.273471,1300000.0,69255512.3,-0.000162568566840271,0.0,0.0,False,EAGG,ESG,Fixed Income
2019-08-31,54.506843,1400000.0,76309580.2,0.023151710914425028,5450684.299999997,0.07870397776264804,False,EAGG,ESG,Fixed Income
2019-09-30,54.082214,1600000.0,86531542.4,-0.007790379640956302,10816442.800000012,0.14174423147986354,False,EAGG,ESG,Fixed Income
2019-10-31,54.124524,2100000.0,113661500.4,0.0007823274394793689,27062262.000000015,0.31274447732483746,False,EAGG,ESG,Fixed Income
2019-11-30,53.976998,2200000.0,118749395.60000001,-0.0027256775505314357,5397699.799999997,0.047489253449974664,False,EAGG,ESG,Fixed Income
2019-12-31,53.563122,2900000.0,155333053.8,-0.007667636499532615,37494185.400000006,0.31574211565923965,False,EAGG,ESG,Fixed Income
2020-01-31,54.568298,3300000.0,180075383.4,0.01876619514448774,21827319.199999988,0.14051947519234304,False,EAGG,ESG,Fixed Income
2020-02-29,55.414803,4000000.0,221659212.0,0.015512761640467554,38790362.099999994,0.2154117979237355,False,EAGG,ESG,Fixed Income
2020-03-31,55.05785,4300000.0,236748755.0,-0.006441473770104289,16517355.0,0.07451688946724218,False,EAGG,ESG,Fixed Income
2020-04-30,55.939831,4300000.0,240541273.29999998,0.01601916892868127,0.0,0.0,False,EAGG,ESG,Fixed Income
2020-05-31,56.08418,4900000.0,274812482.0,0.0025804332515770856,33650508.0,0.13989494417463866,False,EAGG,ESG,Fixed Income
2020-06-30,56.321474,5500000.0,309768107.0,0.004231032708332361,33792884.399999976,0.12296706522959164,False,EAGG,ESG,Fixed Income
2020-07-31,57.08396,7700000.0,439546492.0,0.013538104489239755,125584712.0,0.4054152417956959,False,EAGG,ESG,Fixed Income
2020-08-31,56.553874,7700000.0,435464829.8,-0.009286076158696699,0.0,0.0,False,EAGG,ESG,Fixed Income
2020-09-30,56.45372,10500000.0,592764060.0,-0.0017709485295384075,158070416.0,0.3629923823528951,False,EAGG,ESG,Fixed Income
2020-10-31,56.133816,11000000.0,617471976.0,-0.005666659345035074,28066907.99999988,0.047349206697855264,False,EAGG,ESG,Fixed Income
2020-11-30,56.611716,11500000.0,651034734.0,0.008513584752549042,28305858.00000012,0.04584152657966152,False,EAGG,ESG,Fixed Income
2020-12-31,56.482139,13100000.0,739916020.9,-0.002288872501232886,90371422.4000001,0.13881198295635036,False,EAGG,ESG,Fixed Income
2021-01-31,56.072142,19000000.0,1065370698.0,-0.007258878775819655,330825637.79999995,0.4471124133757758,False,EAGG,ESG,Fixed Income
2021-02-28,55.212336,20300000.0,1120810420.8,-0.015333924643007202,71776036.79999995,0.06737188936653105,False,EAGG,ESG,Fixed Income
2021-03-31,54.455168,21900000.0,1192568179.2,-0.013713746869902455,87128268.80000019,0.07773684753734776,False,EAGG,ESG,Fixed Income
2021-04-30,54.827815,22900000.0,1255556963.5,0.006843188877867501,54827814.99999976,0.04597457483460562,False,EAGG,ESG,Fixed Income
2021-05-31,54.932081,23200000.0,1274424279.1999998,0.0019016989825326736,16479624.299999952,0.013125349768330087,False,EAGG,ESG,Fixed Income
2021-06-30,55.279869,24100000.0,1332244842.8999999,0.006331236568299703,49751882.099999905,0.03903871176342535,False,EAGG,ESG,Fixed Income
2021-07-31,55.852165,25700000.0,1435400640.5,0.01035270181266168,89363464.00000024,0.06707735779669141,False,EAGG,ESG,Fixed Income
2021-08-31,55.695277,26700000.0,1487063895.8999999,-0.0028089869031935333,55695277.0,0.038801206735284303,False,EAGG,ESG,Fixed Income
2021-09-30,55.158057,28400000.0,1566488818.8,-0.00964570119653052,93768696.9000001,0.06305626621595131,False,EAGG,ESG,Fixed Income
2021-10-31,55.076085,29600000.0,1630252116.0,-0.0014861292159004114,66091302.0,0.04219072693453942,False,EAGG,ESG,Fixed Income
2021-11-30,55.186388,31100000.0,1716296666.8,0.0020027385751910654,82779582.0,0.05077716580617522,False,EAGG,ESG,Fixed Income
2021-12-31,54.904517,32200000.0,1767925447.3999999,-0.005107618204692077,60394968.69999981,0.03518911961333875,False,EAGG,ESG,Fixed Income
2022-01-31,53.754358,33600000.0,1806146428.8000002,-0.0209483492951954,75256101.20000005,0.042567463074121965,False,EAGG,ESG,Fixed Income
2022-02-28,53.09804,37400000.0,1985866696.0,-0.012209577500674529,201772552.0,0.11171439302075704,False,EAGG,ESG,Fixed Income
2022-03-31,51.582539,37700000.0,1944661720.3,-0.028541561986092145,15474761.700000048,0.007792447363747948,False,EAGG,ESG,Fixed Income
2022-04-30,49.573789,38500000.0,1908590876.5,-0.03894244135597902,39659031.20000005,0.02039379434788376,False,EAGG,ESG,Fixed Income
2022-05-31,49.801093,39300000.0,1957182954.9,0.004585164954811205,39840874.39999986,0.02087449693412587,False,EAGG,ESG,Fixed Income
2022-06-30,48.925149,40100000.0,1961898474.8999999,-0.01758885091136464,39140119.20000005,0.019998191330048584,False,EAGG,ESG,Fixed Income
2022-07-31,50.032055,44400000.0,2221423242.0,0.02262447887486263,215137836.5,0.10965798651276581,False,EAGG,ESG,Fixed Income
2022-08-31,48.5514,44800000.0,2175102720.0,-0.029594127205048837,19420560.0,0.008742395250404966,False,EAGG,ESG,Fixed Income
2022-09-30,46.351083,44000000.0,2039447652.0,-0.045319331677356356,-37080866.400000095,-0.01704786907719011,True,EAGG,ESG,Fixed Income
2022-10-31,45.657728,44700000.0,2040900441.6,-0.014958765904132254,31960409.600000143,0.015671110542434332,False,EAGG,ESG,Fixed Income
2022-11-30,47.243353,45500000.0,2149572561.5,0.034728512991272886,37794682.39999986,0.018518631104989153,False,EAGG,ESG,Fixed Income
2022-12-31,46.734645,47900000.0,2238589495.5,-0.01076782166583301,112163147.99999976,0.05217927973630759,False,EAGG,ESG,Fixed Income
2023-01-31,48.245639,49500000.0,2388159130.5,0.03233134647754343,77193022.40000057,0.03448288422471987,False,EAGG,ESG,Fixed Income
2023-02-28,46.884057,51200000.0,2400463718.4,-0.028221866851012134,79702896.9000001,0.0333741985121875,False,EAGG,ESG,Fixed Income
2023-03-31,47.96333,56700000.0,2719520811.0,0.023020042826072062,263798314.99999952,0.10989473116295675,False,EAGG,ESG,Fixed Income
2023-04-30,48.120962,57500000.0,2766955315.0,0.003286510757280592,38496769.599999905,0.01415571796482932,False,EAGG,ESG,Fixed Income
2023-05-31,47.480894,58800000.0,2791876567.2,-0.013301230345311832,61725162.19999981,0.022307972183497227,False,EAGG,ESG,Fixed Income
2023-06-30,47.181329,61200000.0,2887497334.7999997,-0.006309169326087272,113235189.5999999,0.040558809415261715,False,EAGG,ESG,Fixed Income
2023-07-31,47.018478,63700000.0,2995077048.6,-0.0034515984066493255,117546195.0,0.04070867653567609,False,EAGG,ESG,Fixed Income
2023-08-31,46.582644,66100000.0,3079112768.4,-0.009269419567345394,111798345.5999999,0.03732736880750972,False,EAGG,ESG,Fixed Income
2023-09-30,45.267695,71400000.0,3232113423.0000005,-0.028228303228129303,239918783.50000048,0.07791815420409871,False,EAGG,ESG,Fixed Income
2023-10-31,44.419418,73100000.0,3247059455.8,-0.018739125108976795,75513010.5999999,0.02336335416407195,False,EAGG,ESG,Fixed Income
2023-11-30,46.278012,73100000.0,3382922677.2,0.04184192597930925,0.0,0.0,False,EAGG,ESG,Fixed Income
2023-12-31,47.704436,74600000.0,3558750925.6,0.03082293163327776,71556653.99999952,0.021152317338576008,False,EAGG,ESG,Fixed Income
2024-01-31,47.619821,75600000.0,3600058467.6,-0.0017737344174868497,47619821.0,0.013381049136494814,False,EAGG,ESG,Fixed Income
2024-02-29,46.780208,76100000.0,3559973828.8,-0.01763158664540132,23390104.000000477,0.0064971455909697004,False,EAGG,ESG,Fixed Income
2024-03-31,47.021935,76100000.0,3578369253.5,0.005167292116358135,4.76837158203125e-07,1.3394400665126737e-16,False,EAGG,ESG,Fixed Income
2024-04-30,45.713088,77300000.0,3533621702.4,-0.027834817941881806,54855705.599999905,0.015329805761757421,False,EAGG,ESG,Fixed Income
2024-05-31,46.333385,78900000.0,3655704076.5,0.013569352392032608,74133416.0,0.0209794432577911,False,EAGG,ESG,Fixed Income
2024-06-30,46.61163,71600000.0,3337392708.0,0.006005281073247604,-340264898.9999995,-0.09307780167090872,True,EAGG,ESG,Fixed Income
2024-07-31,47.534755,72700000.0,3455776688.5,0.019804606704378225,52288230.5,0.015667389209145476,False,EAGG,ESG,Fixed Income
2024-08-31,48.062535,73300000.0,3522983815.5,0.011103033980084609,28837521.0,0.008344729303824633,False,EAGG,ESG,Fixed Income
2024-09-30,48.55352,74200000.0,3602671184.0,0.010215545226651024,43698168.0,0.012403737935934325,False,EAGG,ESG,Fixed Income
2024-10-31,47.194396,78200000.0,3690601767.2,-0.027992285626253333,188777584.0,0.05239933770208877,False,EAGG,ESG,Fixed Income
2024-11-30,47.571015,79200000.0,3767624388.0,0.00798016357704845,47571015.0,0.012889771912749981,False,EAGG,ESG,Fixed Income
2024-12-31,46.455358,78400000.0,3642100067.2,-0.023452453137693285,-37164286.39999962,-0.009864116634972695,True,EAGG,ESG,Fixed Income
2025-01-31,46.691372,78900000.0,3683949250.8,0.005080447340434002,23345685.999999523,0.006409951832528146,False,EAGG,ESG,Fixed Income
2025-02-28,47.558484,79900000.0,3799922871.6,0.018571139867125774,47558483.99999952,0.012909646893119334,False,EAGG,ESG,Fixed Income
2025-03-31,47.430646,79700000.0,3780222486.2000003,-0.0026880167164284874,-9486129.19999981,-0.0024964004587823565,True,EAGG,ESG,Fixed Income
2025-04-30,47.450402,80600000.0,3824502401.2,0.00041652394951552374,42705361.80000019,0.011297049831299474,False,EAGG,ESG,Fixed Income
2025-05-31,46.951524,81900000.0,3845329815.6,-0.010513672781950256,61036981.19999981,0.015959456890613656,False,EAGG,ESG,Fixed Income
2025-06-30,47.515775,84000000.0,3991325100.0,0.0120177355691371,99783127.50000048,0.02594917270690108,False,EAGG,ESG,Fixed Income
2025-07-31,47.242105,85000000.0,4015578925.0,-0.005759560903720873,47242105.0,0.011836195703527131,False,EAGG,ESG,Fixed Income
2025-08-31,47.632446,85900000.0,4091627111.4,0.008262565776863573,42869201.40000057,0.010675721284696345,False,EAGG,ESG,Fixed Income
2025-09-30,47.995642,87000000.0,4175620853.9999995,0.007624970592524205,52795206.19999981,0.01290323012400201,False,EAGG,ESG,Fixed Income
2025-10-31,48.139761,88800000.0,4274810776.8,0.0030027517915065527,86651569.80000019,0.020751781071548455,False,EAGG,ESG,Fixed Income
2025-11-30,48.277069,89600000.0,4325625382.4,0.002852278389998686,38621655.19999933,0.009034705210720553,False,EAGG,ESG,Fixed Income
2025-12-31,47.842834,91900000.0,4396756444.6,-0.008994642984643364,110038518.20000029,0.02543875358409962,False,EAGG,ESG,Fixed Income
2020-11-30,39.471094,300000.0,11841328.200000001,0.10598212146933683,1.862645149230957e-09,1.739713821707115e-16,False,EMXF,ESG,Emerging
2020-12-31,41.934926,300000.0,12580477.799999999,0.06242117332749886,-1.862645149230957e-09,-1.5730035666361791e-16,True,EMXF,ESG,Emerging
2021-01-31,43.320605,300000.0,12996181.5,0.03304355419632787,1.862645149230957e-09,1.4805837892984932e-16,False,EMXF,ESG,Emerging
2021-02-28,43.298265,400000.0,17319306.0,-0.0005156899355398536,4329826.5,0.33316143668815335,False,EMXF,ESG,Emerging
2021-03-31,43.249715,300000.0,12974914.5,-0.0011212920425333062,-4324971.5,-0.24971967698936667,True,EMXF,ESG,Emerging
2021-04-30,44.470033,300000.0,13341009.9,0.02821563101629687,0.0,0.0,False,EMXF,ESG,Emerging
2021-05-31,45.363385,300000.0,13609015.5,0.020088853992979994,-1.862645149230957e-09,-1.396180021747047e-16,True,EMXF,ESG,Emerging
2021-06-30,46.308606,300000.0,13892581.799999999,0.02083665052773287,0.0,0.0,False,EMXF,ESG,Emerging
2021-07-31,43.653905,300000.0,13096171.5,-0.05732629913325393,0.0,0.0,False,EMXF,ESG,Emerging
2021-08-31,45.187397,300000.0,13556219.1,0.03512840374761428,0.0,0.0,False,EMXF,ESG,Emerging
2021-09-30,43.257417,500000.0,21628708.5,-0.042710581448185625,8651483.4,0.6381929457012097,False,EMXF,ESG,Emerging
2021-10-31,43.814083,500000.0,21907041.5,0.012868683305801598,0.0,0.0,False,EMXF,ESG,Emerging
2021-11-30,42.797579,500000.0,21398789.5,-0.023200394265925794,0.0,0.0,False,EMXF,ESG,Emerging
2021-12-31,42.83435,700000.0,29984045.0,0.000859184114129441,8566870.0,0.40034367364565177,False,EMXF,ESG,Emerging
2022-01-31,42.651425,700000.0,29855997.500000004,-0.004270521205527733,0.0,0.0,False,EMXF,ESG,Emerging
2022-02-28,41.398281,700000.0,28978796.7,-0.029381058194421494,0.0,0.0,False,EMXF,ESG,Emerging
2022-03-31,40.932168,1000000.0,40932168.0,-0.01125923561898623,12279650.400000002,0.4237460418775774,False,EMXF,ESG,Emerging
2022-04-30,38.088052,1000000.0,38088052.0,-0.06948363937136193,0.0,0.0,False,EMXF,ESG,Emerging
2022-05-31,38.484789,1000000.0,38484789.0,0.010416311130850175,0.0,0.0,False,EMXF,ESG,Emerging
2022-06-30,36.270705,1000000.0,36270705.0,-0.05753140545995972,0.0,0.0,False,EMXF,ESG,Emerging
2022-07-31,35.852698,1000000.0,35852698.0,-0.01152464502688888,0.0,0.0,False,EMXF,ESG,Emerging
2022-08-31,35.466958,1000000.0,35466958.0,-0.010759022933225282,0.0,0.0,False,EMXF,ESG,Emerging
2022-09-30,31.676816,1000000.0,31676816.0,-0.10686402820337737,0.0,0.0,False,EMXF,ESG,Emerging
2022-10-31,30.822951,1100000.0,33905246.1,-0.02695551850918343,3082295.0999999978,0.09730444814908158,False,EMXF,ESG,Emerging
2022-11-30,35.405231,1100000.0,38945754.1,0.14866454545510588,0.0,0.0,False,EMXF,ESG,Emerging
2022-12-31,33.907366,1300000.0,44079575.800000004,-0.0423063190860129,6781473.1999999955,0.17412612380254297,False,EMXF,ESG,Emerging
2023-01-31,36.728409,1400000.0,51419772.6,0.08319852978258457,3672840.900000006,0.08332296382942972,False,EMXF,ESG,Emerging
2023-02-28,34.101521,1400000.0,47742129.4,-0.07152196546275669,0.0,0.0,False,EMXF,ESG,Emerging
2023-03-31,34.898349,1400000.0,48857688.6,0.023366347794281817,-7.450580596923828e-09,-1.5605882457609502e-16,True,EMXF,ESG,Emerging
2023-04-30,34.604945,1400000.0,48446923.0,-0.008407389128924136,0.0,0.0,False,EMXF,ESG,Emerging
2023-05-31,33.896786,1400000.0,47455500.4,-0.02046409841136876,0.0,0.0,False,EMXF,ESG,Emerging
2023-06-30,35.159494,1400000.0,49223291.6,0.03725155535395008,0.0,0.0,False,EMXF,ESG,Emerging
2023-07-31,37.565101,1600000.0,60104161.599999994,0.0684198413094339,7513020.200000003,0.15263140590134777,False,EMXF,ESG,Emerging
2023-08-31,34.967975,1600000.0,55948760.00000001,-0.06913667023016912,7.450580596923828e-09,1.2396114343143636e-16,False,EMXF,ESG,Emerging
2023-09-30,33.83945,1600000.0,54143120.0,-0.03227310131627592,0.0,0.0,False,EMXF,ESG,Emerging
2023-10-31,32.715774,1900000.0,62159970.60000001,-0.033206095252730106,9814732.200000003,0.18127385714011315,False,EMXF,ESG,Emerging
2023-11-30,34.665167,1900000.0,65863817.3,0.059585721554379134,-7.450580596923828e-09,-1.1986139190554616e-16,True,EMXF,ESG,Emerging
2023-12-31,35.377976,2000000.0,70755952.0,0.020562687610880426,3537797.599999994,0.05371382566373046,False,EMXF,ESG,Emerging
2024-01-31,33.57663,2000000.0,67153260.0,-0.05091715817773168,-1.4901161193847656e-08,-2.1059940220785463e-16,True,EMXF,ESG,Emerging
2024-02-29,35.103989,2100000.0,73718376.89999999,0.04548875214695447,3510398.900000006,0.05227443760734782,False,EMXF,ESG,Emerging
2024-03-31,35.576507,2100000.0,74710664.7,0.013460521537880021,0.0,0.0,False,EMXF,ESG,Emerging
2024-04-30,35.278427,2100000.0,74084696.7,-0.00837856285328964,0.0,0.0,False,EMXF,ESG,Emerging
2024-05-31,35.86675,2100000.0,75320175.0,0.016676565539614385,0.0,0.0,False,EMXF,ESG,Emerging
2024-06-30,36.618151,2100000.0,76898117.1,0.020949793332264433,0.0,0.0,False,EMXF,ESG,Emerging
2024-07-31,37.026373,2100000.0,77755383.3,0.011148077902677356,0.0,0.0,False,EMXF,ESG,Emerging
2024-08-31,37.893131,2100000.0,79575575.1,0.023409206189328735,1.4901161193847656e-08,1.9164153736282408e-16,False,EMXF,ESG,Emerging
2024-09-30,40.297065,2100000.0,84623836.5,0.06343983557336563,0.0,0.0,False,EMXF,ESG,Emerging
2024-10-31,39.008955,2200000.0,85819701.0,-0.0319653552932454,3900895.500000015,0.046096887843178974,False,EMXF,ESG,Emerging
2024-11-30,38.270685,2200000.0,84195507.0,-0.01892565437859073,0.0,0.0,False,EMXF,ESG,Emerging
2024-12-31,37.087611,2200000.0,81592744.2,-0.030913321776184555,0.0,0.0,False,EMXF,ESG,Emerging
2025-01-31,37.867926,2300000.0,87096229.8,0.021039775250015325,3786792.600000009,0.04641089887500081,False,EMXF,ESG,Emerging
2025-02-28,37.644934,2300000.0,86583348.2,-0.005888677399443432,0.0,0.0,False,EMXF,ESG,Emerging
2025-03-31,38.050353,2300000.0,87515811.9,0.010769550027634578,0.0,0.0,False,EMXF,ESG,Emerging
2025-04-30,38.616488,2300000.0,88817922.39999999,0.01487857418826044,-1.4901161193847656e-08,-1.702682163410022e-16,True,EMXF,ESG,Emerging
2025-05-31,40.375007,2400000.0,96900016.8,0.045538035462986626,4037500.700000018,0.045458175454912673,False,EMXF,ESG,Emerging
2025-06-30,42.531467,2400000.0,102075520.8,0.053410764733737404,0.0,0.0,False,EMXF,ESG,Emerging
2025-07-31,42.580974,2500000.0,106452435.0,0.0011640087561521906,4258097.400000006,0.041715167031506406,False,EMXF,ESG,Emerging
2025-08-31,43.081708,2500000.0,107704270.0,0.011759571305250072,0.0,0.0,False,EMXF,ESG,Emerging
2025-09-30,44.9036,2600000.0,116749360.0,0.04228922400198232,4490360.000000015,0.04169156896007944,False,EMXF,ESG,Emerging
2025-10-31,46.689687,2600000.0,121393186.2,0.03977603132042873,0.0,0.0,False,EMXF,ESG,Emerging
2025-11-30,46.338911,2600000.0,120481168.60000001,-0.007512922500422792,0.0,0.0,False,EMXF,ESG,Emerging
2025-12-31,46.290153,2600000.0,120354397.8,-0.0010522042695394473,1.4901161193847656e-08,1.236804171722456e-16,False,EMXF,ESG,Emerging
2022-12-31,24.498324,360000.0,8819396.64,-0.03905998103719899,0.0,0.0,False,ERET,ESG,US
2023-01-31,26.749938,360000.0,9629977.68,0.0919088995639048,0.0,0.0,False,ERET,ESG,US
2023-02-28,25.443753,360000.0,9159751.08,-0.04882945896921331,0.0,0.0,False,ERET,ESG,US
2023-03-31,24.674359,360000.0,8882769.24,-0.03023901387503647,0.0,0.0,False,ERET,ESG,US
2023-04-30,25.191808,360000.0,9069050.88,0.020971122289336952,0.0,0.0,False,ERET,ESG,US
2023-05-31,24.041542,360000.0,8654955.12,-0.045660319418121986,-1.862645149230957e-09,-2.0538479427198415e-16,True,ERET,ESG,US
2023-06-30,24.427274,360000.0,8793818.64,0.01604439515568523,0.0,0.0,False,ERET,ESG,US
2023-07-31,25.370828,360000.0,9133498.08,0.03862706907041691,0.0,0.0,False,ERET,ESG,US
2023-08-31,24.52494,360000.0,8828978.4,-0.033340969399973774,0.0,0.0,False,ERET,ESG,US
2023-09-30,23.030958,360000.0,8291144.879999999,-0.06091684627974636,0.0,0.0,False,ERET,ESG,US
2023-10-31,21.983157,360000.0,7913936.52,-0.04549532850522331,9.313225746154785e-10,1.1232737916111274e-16,False,ERET,ESG,US
2023-11-30,24.20777,360000.0,8714797.2,0.10119624765451118,0.0,0.0,False,ERET,ESG,US
2023-12-31,25.999367,360000.0,9359772.12,0.07400917143545227,0.0,0.0,False,ERET,ESG,US
2024-01-31,24.863362,360000.0,8950810.32,-0.04369356377022571,1.862645149230957e-09,1.99005395147479e-16,False,ERET,ESG,US
2024-02-29,24.79307,360000.0,8925505.2,-0.0028271317450954125,-1.862645149230957e-09,-2.080979355655653e-16,True,ERET,ESG,US
2024-03-31,25.560934,360000.0,9201936.24,0.030970912436418807,0.0,0.0,False,ERET,ESG,US
2024-04-30,24.003629,360000.0,8641306.44,-0.060925199368692895,0.0,0.0,False,ERET,ESG,US
2024-05-31,24.883694,360000.0,8958129.84,0.03666383112320215,1.862645149230957e-09,2.155513361508514e-16,False,ERET,ESG,US
2024-06-30,24.698817,360000.0,8891574.12,-0.007429644489278853,0.0,0.0,False,ERET,ESG,US
2024-07-31,26.225732,360000.0,9441263.52,0.06182138197145237,0.0,0.0,False,ERET,ESG,US
2024-08-31,27.90667,360000.0,10046401.2,0.0640949888453064,1.862645149230957e-09,1.9728769833457176e-16,False,ERET,ESG,US
2024-09-30,28.791887,360000.0,10365079.32,0.031720624495864325,0.0,0.0,False,ERET,ESG,US
2024-10-31,27.296592,360000.0,9826773.120000001,-0.051934595325412336,0.0,0.0,False,ERET,ESG,US
2024-11-30,27.935359,360000.0,10056729.24,0.023400979873238414,-1.862645149230957e-09,-1.8954799571387244e-16,True,ERET,ESG,US
2024-12-31,25.117355,360000.0,9042247.8,-0.10087588278353599,0.0,0.0,False,ERET,ESG,US
2025-01-31,25.520716,360000.0,9187457.76,0.016059055581290282,0.0,0.0,False,ERET,ESG,US
2025-02-28,26.167588,360000.0,9420331.68,0.025346937758329302,0.0,0.0,False,ERET,ESG,US
2025-03-31,25.673217,360000.0,9242358.120000001,-0.018892494027343942,0.0,0.0,False,ERET,ESG,US
2025-04-30,25.869519,360000.0,9313026.84,0.007646178505794632,-1.862645149230957e-09,-2.0153353993071163e-16,True,ERET,ESG,US
2025-05-31,26.509226,360000.0,9543321.360000001,0.024728213926204168,0.0,0.0,False,ERET,ESG,US
2025-06-30,26.503244,360000.0,9541167.84,-0.00022565728625967285,0.0,0.0,False,ERET,ESG,US
2025-07-31,26.012347,360000.0,9364444.92,-0.018522147703881053,0.0,0.0,False,ERET,ESG,US
2025-08-31,27.224084,360000.0,9800670.24,0.04658314761063287,0.0,0.0,False,ERET,ESG,US
2025-09-30,27.503604,360000.0,9901297.44,0.010267379427715495,0.0,0.0,False,ERET,ESG,US
2025-10-31,27.014517,360000.0,9725226.120000001,-0.017782651320895848,0.0,0.0,False,ERET,ESG,US
2025-11-30,27.589235,360000.0,9932124.6,0.021274413308962625,0.0,0.0,False,ERET,ESG,US
2025-12-31,26.612944,360000.0,9580659.84,-0.03538666440008209,0.0,0.0,False,ERET,ESG,US
2019-02-28,62.552175,10400000.0,650542620.0,0.024452411147934505,25020870.0,0.04097809644591738,False,ESGD,ESG,Developed exUS
2019-03-31,62.953028,11100000.0,698778610.8000001,0.006408298352535313,44067119.600000024,0.06773902008142069,False,ESGD,ESG,Developed exUS
2019-04-30,64.887283,11700000.0,759181211.0999999,0.030725368762245964,38932369.79999983,0.055714884797959004,False,ESGD,ESG,Developed exUS
2019-05-31,61.760529,12600000.0,778182665.4,-0.04818746995462886,55584476.100000024,0.07321634846502859,False,ESGD,ESG,Developed exUS
2019-06-30,64.248754,13100000.0,841658677.4000001,0.04028827214222863,32124377.00000012,0.04128128064056478,False,ESGD,ESG,Developed exUS
2019-07-31,63.46337,14000000.0,888487180.0,-0.012224112548548494,57117033.0,0.06786246555009973,False,ESGD,ESG,Developed exUS
2019-08-31,62.010784,14800000.0,917759603.2,-0.022888573361294795,49608627.19999993,0.055834938665068785,False,ESGD,ESG,Developed exUS
2019-09-30,63.974381,16100000.0,1029987534.1,0.03166541161614722,83166695.30000007,0.09061925912844544,False,ESGD,ESG,Developed exUS
2019-10-31,66.426768,19300000.0,1282036622.3999999,0.038333891812098786,212565657.60000002,0.2063769225961936,False,ESGD,ESG,Developed exUS
2019-11-30,67.069975,20300000.0,1361520492.5,0.009682948897950405,67069975.0,0.052315178699375665,False,ESGD,ESG,Developed exUS
2019-12-31,68.697463,21700000.0,1490734947.1,0.024265522687312746,96176448.20000005,0.0706390015646423,False,ESGD,ESG,Developed exUS
2020-01-31,67.293169,23800000.0,1601577422.2,-0.020441715584169295,141315654.9000001,0.09479596300798368,False,ESGD,ESG,Developed exUS
2020-02-29,61.359751,26100000.0,1601489501.1000001,-0.08817266430118642,141127427.3000002,0.08811776773559976,False,ESGD,ESG,Developed exUS
2020-03-31,53.292462,29200000.0,1556139890.4,-0.1314752564755356,165206632.20000005,0.10315811129984062,False,ESGD,ESG,Developed exUS
2020-04-30,56.572579,35600000.0,2013983812.3999999,0.061549361333691044,362064505.59999967,0.23266835316902795,False,ESGD,ESG,Developed exUS
2020-05-31,59.028728,37400000.0,2207674427.2,0.04341589235307808,106251710.39999986,0.05275698332122298,False,ESGD,ESG,Developed exUS
2020-06-30,60.483525,40400000.0,2443534410.0,0.024645575964299837,181450575.00000048,0.08219082160141465,False,ESGD,ESG,Developed exUS
2020-07-31,61.952267,42600000.0,2639166574.2,0.024283339967371198,136294987.4000001,0.05577780564178758,False,ESGD,ESG,Developed exUS
2020-08-31,65.207313,46400000.0,3025619323.2,0.05254119272180957,247787789.4000001,0.09388865099396428,False,ESGD,ESG,Developed exUS
2020-09-30,63.400806,49100000.0,3112979574.6,-0.02770405521846908,171182176.1999998,0.05657756575237351,False,ESGD,ESG,Developed exUS
2020-10-31,60.888922,50000000.0,3044446100.0,-0.03961911777588445,54800029.80000019,0.017603722892091795,False,ESGD,ESG,Developed exUS
2020-11-30,70.510447,51900000.0,3659492199.3,0.15801766042105325,133969849.30000019,0.044004671096000085,False,ESGD,ESG,Developed exUS
2020-12-31,73.272916,54400000.0,3986046630.3999996,0.039178151855993715,183182289.99999952,0.0500567510527934,False,ESGD,ESG,Developed exUS
2021-01-31,72.345847,58400000.0,4224997464.8,-0.012652273863373864,289383388.0,0.07259909751004603,False,ESGD,ESG,Developed exUS
2021-02-28,74.04142,62100000.0,4597972182.0,0.02343704677339664,273953254.0,0.06484104577160218,False,ESGD,ESG,Developed exUS
2021-03-31,75.788552,65900000.0,4994465576.8,0.023596684126263368,287996497.6000004,0.06263554588856371,False,ESGD,ESG,Developed exUS
2021-04-30,78.180234,68900000.0,5386618122.6,0.03155729904959803,234540701.99999905,0.046960119835338106,False,ESGD,ESG,Developed exUS
2021-05-31,81.025964,72100000.0,5841972004.400001,0.03639960965069511,259283084.8000002,0.048134669824125204,False,ESGD,ESG,Developed exUS
2021-06-30,78.8314,75600000.0,5959653840.0,-0.027084700899084657,275909899.99999905,0.047228898014607376,False,ESGD,ESG,Developed exUS
2021-07-31,79.4035,79500000.0,6312578249.999999,0.007257260431756896,309673649.99999905,0.05196168406989206,False,ESGD,ESG,Developed exUS
2021-08-31,80.857792,82400000.0,6662682060.8,0.018315212805481096,234487596.8000002,0.03714608952372198,False,ESGD,ESG,Developed exUS
2021-09-30,78.212509,86000000.0,6726275774.0,-0.032715251487451025,281565032.4000006,0.04226001328452893,False,ESGD,ESG,Developed exUS
2021-10-31,80.711675,88100000.0,7110698567.5,0.03195353316181171,169494517.5,0.02519886534464889,False,ESGD,ESG,Developed exUS
2021-11-30,76.785858,92000000.0,7064298936.0,-0.04864001397567319,299464846.1999998,0.04211468723603714,False,ESGD,ESG,Developed exUS
2021-12-31,79.562052,95800000.0,7622044581.599999,0.03615501698242385,302335797.6000004,0.04279770722318713,False,ESGD,ESG,Developed exUS
2022-01-31,76.481548,97700000.0,7472247239.6,-0.038718257291805225,145314941.1999998,0.01906508675517294,False,ESGD,ESG,Developed exUS
2022-02-28,73.82129,98900000.0,7300925581.0,-0.03478300413061719,88585547.99999905,0.01185527528191655,False,ESGD,ESG,Developed exUS
2022-03-31,73.717133,99300000.0,7320111306.900001,-0.001410934433684341,29486853.200000763,0.004038782873878024,False,ESGD,ESG,Developed exUS
2022-04-30,69.13659,102500000.0,7086500475.0,-0.062136749132660984,221237088.0,0.030223186332079405,False,ESGD,ESG,Developed exUS
2022-05-31,70.184431,101900000.0,7151793518.900001,0.015156098962937126,-42110658.60000038,-0.005942377164661148,True,ESGD,ESG,Developed exUS
2022-06-30,62.661326,102800000.0,6441584312.8,-0.10719051067037932,56395193.39999962,0.007885461632940658,False,ESGD,ESG,Developed exUS
2022-07-31,65.998993,102800000.0,6784696480.4,0.0532651830572497,-9.5367431640625e-07,-1.4804965208810735e-16,True,ESGD,ESG,Developed exUS
2022-08-31,62.028961,102800000.0,6376577190.8,-0.060152917787700155,0.0,0.0,False,ESGD,ESG,Developed exUS
2022-09-30,56.173004,103300000.0,5802671313.2,-0.09440682071073225,28086502.0,0.0044046360860372944,False,ESGD,ESG,Developed exUS
2022-10-31,59.36169,102800000.0,6102381732.0,0.05676545267189215,-29680845.000000954,-0.005115031232681152,True,ESGD,ESG,Developed exUS
2022-11-30,67.559251,101900000.0,6884287676.900001,0.1380951418330576,-60803325.899998665,-0.009963867973246394,True,ESGD,ESG,Developed exUS
2022-12-31,65.966426,101900000.0,6721978809.4,-0.023576711944305107,0.0,0.0,False,ESGD,ESG,Developed exUS
2023-01-31,71.738694,100700000.0,7224086485.799999,0.08750311863189308,-86086432.80000019,-0.012806709934821145,True,ESGD,ESG,Developed exUS
2023-02-28,69.600102,100300000.0,6980890230.6,-0.029810857722054274,-27840040.80000019,-0.003853780108353336,True,ESGD,ESG,Developed exUS
2023-03-31,71.768248,100300000.0,7198355274.4,0.031151477335478406,9.5367431640625e-07,1.3661213468533263e-16,False,ESGD,ESG,Developed exUS
2023-04-30,73.774814,100300000.0,7399613844.200001,0.02795896592041669,0.0,0.0,False,ESGD,ESG,Developed exUS
2023-05-31,71.018167,100300000.0,7123122150.1,-0.03736569230794673,0.0,0.0,False,ESGD,ESG,Developed exUS
2023-06-30,72.726935,102500000.0,7454510837.5,0.0240609983639819,159999257.0,0.02246195609572044,False,ESGD,ESG,Developed exUS
2023-07-31,74.711267,101200000.0,7560780220.400001,0.02728469170328718,-97124647.10000038,-0.013028976577700278,True,ESGD,ESG,Developed exUS
2023-08-31,71.748064,101200000.0,7260904076.8,-0.039662063286920346,0.0,0.0,False,ESGD,ESG,Developed exUS
2023-09-30,69.065448,101200000.0,6989423337.6,-0.03738938516863666,0.0,0.0,False,ESGD,ESG,Developed exUS
2023-10-31,66.814265,99800000.0,6668063647.000001,-0.032594923586103386,-93539971.0,-0.013383074179638885,True,ESGD,ESG,Developed exUS
2023-11-30,72.609387,99800000.0,7246416822.599999,0.0867348013182514,-1.9073486328125e-06,-2.86042355590086e-16,True,ESGD,ESG,Developed exUS
2023-12-31,75.482931,101000000.0,7623776030.999999,0.039575378869401545,90579517.19999981,0.012499904355143079,False,ESGD,ESG,Developed exUS
2024-01-31,75.174426,101500000.0,7630204239.0,-0.004087082945944398,37587213.00000095,0.004930261965614262,False,ESGD,ESG,Developed exUS
2024-02-29,77.123995,101500000.0,7828085492.499999,0.025933939289406682,0.0,0.0,False,ESGD,ESG,Developed exUS
2024-03-31,79.751147,101900000.0,8126641879.3,0.03406400303822443,31900458.80000019,0.004075129076012732,False,ESGD,ESG,Developed exUS
2024-04-30,77.373886,102200000.0,7907611149.2,-0.02980848664157776,23212165.80000019,0.0028563047498285483,False,ESGD,ESG,Developed exUS
2024-05-31,81.490325,102200000.0,8328311215.0,0.05320191621240267,9.5367431640625e-07,1.206020754450896e-16,False,ESGD,ESG,Developed exUS
2024-06-30,78.386189,101900000.0,7987552659.1,-0.03809208025615307,-23515856.69999981,-0.0028236044610875904,True,ESGD,ESG,Developed exUS
2024-07-31,80.565965,103000000.0,8298294395.000001,0.02780816401215791,88622561.5,0.01109508322289866,False,ESGD,ESG,Developed exUS
2024-08-31,83.357681,103400000.0,8619184215.4,0.034651307161777334,33343072.399998665,0.00401806332878344,False,ESGD,ESG,Developed exUS
2024-09-30,84.019253,103900000.0,8729600386.7,0.00793654516372655,42009626.5,0.00487396781994065,False,ESGD,ESG,Developed exUS
2024-10-31,79.160072,104800000.0,8295975545.6,-0.05783413713521124,71244064.80000019,0.008161205741850936,False,ESGD,ESG,Developed exUS
2024-11-30,79.100168,106100000.0,8392527824.799999,-0.0007567451429302263,102830218.39999962,0.012395193046891087,False,ESGD,ESG,Developed exUS
2024-12-31,75.950618,105500000.0,8012790199.000001,-0.03981723528071379,-45570370.79999924,-0.005429874258544411,True,ESGD,ESG,Developed exUS
2025-01-31,79.471452,108300000.0,8606758251.6,0.04635688415333239,222520065.59999943,0.027770609247671305,False,ESGD,ESG,Developed exUS
2025-02-28,81.709134,108300000.0,8849099212.2,0.02815705443509464,0.0,0.0,False,ESGD,ESG,Developed exUS
2025-03-31,81.618941,108600000.0,8863816992.6,-0.0011038300809796953,24485682.299999237,0.002767025401437643,False,ESGD,ESG,Developed exUS
2025-04-30,84.949958,108600000.0,9225565438.8,0.0408118135225497,0.0,0.0,False,ESGD,ESG,Developed exUS
2025-05-31,88.630698,108600000.0,9625293802.8,0.043328332192936525,0.0,0.0,False,ESGD,ESG,Developed exUS
2025-06-30,89.276601,109300000.0,9757932489.3,0.007287576591126443,62493620.70000076,0.0064926455213056835,False,ESGD,ESG,Developed exUS
2025-07-31,87.035674,108900000.0,9478184898.6,-0.02510094442327615,-34814269.599998474,-0.0035677916032083486,True,ESGD,ESG,Developed exUS
2025-08-31,90.78245,108900000.0,9886208805.0,0.04304873884241989,0.0,0.0,False,ESGD,ESG,Developed exUS
2025-09-30,93.116828,110000000.0,10242851080.0,0.025713978858248554,102428510.79999924,0.010360747261194353,False,ESGD,ESG,Developed exUS
2025-10-31,94.027483,112200000.0,10549883592.6,0.009779703836131581,206860462.60000038,0.020195594076722667,False,ESGD,ESG,Developed exUS
2025-11-30,94.3683,112500000.0,10616433750.0,0.003624653017671342,28310490.0,0.0026834883770525974,False,ESGD,ESG,Developed exUS
2025-12-31,95.104329,114500000.0,10889445670.5,0.007799536496895687,190208658.0,0.017916436204389256,False,ESGD,ESG,Developed exUS
2019-02-28,33.723913,15100000.0,509231086.3000001,0.001220087975420947,37096304.30000001,0.07866729262664024,False,ESGE,ESG,Emerging
2019-03-31,33.944093,15800000.0,536316669.40000004,0.006528898351742196,23760865.100000024,0.04666028005604107,False,ESGE,ESG,Emerging
2019-04-30,34.650439,16000000.0,554407024.0,0.02080909924445451,6930087.8000000715,0.012921634167651458,False,ESGE,ESG,Emerging
2019-05-31,32.324894,17800000.0,575383113.2,-0.06711444550529355,58184809.20000005,0.10494962488065455,False,ESGE,ESG,Emerging
2019-06-30,33.951349,21000000.0,712978329.0,0.050315864918226705,108644316.79999995,0.18882082964822045,False,ESGE,ESG,Emerging
2019-07-31,33.632754,21000000.0,706287834.0,-0.009383868664541217,0.0,0.0,False,ESGE,ESG,Emerging
2019-08-31,32.029345,21000000.0,672616245.0,-0.047674032284123924,0.0,0.0,False,ESGE,ESG,Emerging
2019-09-30,32.578722,21000000.0,684153162.0,0.017152302053007995,0.0,0.0,False,ESGE,ESG,Emerging
2019-10-31,33.968388,22000000.0,747304536.0,0.04265563271634765,33968388.00000012,0.049650268224588165,False,ESGE,ESG,Emerging
2019-11-30,33.962486,22900000.0,777740929.4,-0.00017374978170880961,30566237.399999976,0.04090198296347552,False,ESGE,ESG,Emerging
2019-12-31,35.798412,24600000.0,880640935.1999999,0.05405746799571731,60857300.399999976,0.07824880766780432,False,ESGE,ESG,Emerging
2020-01-31,34.200589,58000000.0,1983634162.0,-0.0446339072247115,1142299672.6,1.2971230690526274,False,ESGE,ESG,Emerging
2020-02-29,32.472598,62500000.0,2029537374.9999998,-0.050525182475658625,146126691.0,0.07366614963550926,False,ESGE,ESG,Emerging
2020-03-31,27.406026,69100000.0,1893756396.6000001,-0.156026074661473,180879771.60000038,0.08912364651574864,False,ESGE,ESG,Emerging
2020-04-30,29.717704,100200000.0,2977713940.8,0.08434925953875982,924220594.4000001,0.4880356291122349,False,ESGE,ESG,Emerging
2020-05-31,29.96802,105700000.0,3167619714.0,0.008423127170255063,164824110.0,0.05535256686064274,False,ESGE,ESG,Emerging
2020-06-30,32.140648,98400000.0,3162639763.2,0.07249821643204979,-234626730.39999962,-0.07407035931839122,True,ESGE,ESG,Emerging
2020-07-31,35.196705,98400000.0,3463355772.0,0.0950838638972058,0.0,0.0,False,ESGE,ESG,Emerging
2020-08-31,35.928685,99900000.0,3589275631.5,0.02079683311264513,53893027.5,0.015560927334034224,False,ESGE,ESG,Emerging
2020-09-30,35.334519,103600000.0,3660656168.4,-0.016537371184055294,130737720.30000019,0.03642454180799801,False,ESGE,ESG,Emerging
2020-10-31,36.174187,128800000.0,4659235285.6,0.02376339126054061,911589512.3999996,0.24902352760391513,False,ESGE,ESG,Emerging
2020-11-30,39.416339,139200000.0,5486754388.8,0.0896261193098824,409929925.6000004,0.08798223323620176,False,ESGE,ESG,Emerging
2020-12-31,42.037491,145900000.0,6133269936.900001,0.06649912362485022,281651189.6999998,0.05133293195608111,False,ESGE,ESG,Emerging
2021-01-31,43.395962,157400000.0,6830524418.799999,0.03231570123916283,499053562.99999905,0.08136826980294962,False,ESGE,ESG,Emerging
2021-02-28,43.441598,160600000.0,6976720638.8,0.0010516185814708479,139013113.60000038,0.020351748281198956,False,ESGE,ESG,Emerging
2021-03-31,42.900645,164600000.0,7061446167.0,-0.012452419452893992,171602580.0,0.024596452815619077,False,ESGE,ESG,Emerging
2021-04-30,44.014992,165700000.0,7293284174.4,0.025975064011275473,48416491.199998856,0.006856455470306052,False,ESGE,ESG,Emerging
2021-05-31,44.628709,168900000.0,7537788950.1,0.013943362752400379,142811868.8000002,0.01958128401211639,False,ESGE,ESG,Emerging
2021-06-30,45.101351,177200000.0,7991959397.2,0.010590537136084377,374341213.29999924,0.04966193876986076,False,ESGE,ESG,Emerging
2021-07-31,42.337528,171400000.0,7256652299.2,-0.06128027073956166,-245557662.39999962,-0.030725589332452223,True,ESGE,ESG,Emerging
2021-08-31,43.362025,163900000.0,7107035897.5,0.024198318805954022,-325215187.50000095,-0.04481614580539485,True,ESGE,ESG,Emerging
2021-09-30,41.501688,163900000.0,6802126663.2,-0.04290244747564265,0.0,0.0,False,ESGE,ESG,Emerging
2021-10-31,41.930345,163300000.0,6847225338.5,0.01032866422204326,-25158207.0,-0.00369857961277136,True,ESGE,ESG,Emerging
2021-11-30,40.133484,161300000.0,6473530969.200001,-0.042853475209898684,-80266967.99999905,-0.011722553885977831,True,ESGE,ESG,Emerging
2021-12-31,39.826586,156300000.0,6224895391.8,-0.007646931425141279,-199132930.0,-0.03076109945985303,True,ESGE,ESG,Emerging
2022-01-31,39.762093,157200000.0,6250601019.6,-0.001619345429206498,35785883.69999981,0.005748832943785728,False,ESGE,ESG,Emerging
2022-02-28,37.539328,173500000.0,6513073408.0,-0.05590160960591295,611891046.4000006,0.09789315371134627,False,ESGE,ESG,Emerging
2022-03-31,36.744439,174700000.0,6419253493.3,-0.02117483296451117,44093326.79999924,0.006769972336844762,False,ESGE,ESG,Emerging
2022-04-30,34.441948,176200000.0,6068671237.599999,-0.06266229836846882,51662922.0,0.00804811993387119,False,ESGE,ESG,Emerging
2022-05-31,34.6624,141900000.0,4918594560.0,0.006400683259843554,-1188920320.0,-0.19591114322254616,True,ESGE,ESG,Emerging
2022-06-30,32.279129,136600000.0,4409329021.4,-0.06875666428175775,-171079383.70000076,-0.034782168282640635,True,ESGE,ESG,Emerging
2022-07-31,31.956348,135700000.0,4336476423.599999,-0.009999681218164191,-28760713.200000763,-0.006522696097391478,True,ESGE,ESG,Emerging
2022-08-31,31.559177,134700000.0,4251021141.8999996,-0.012428547842826099,-31559177.0,-0.007277608343088976,True,ESGE,ESG,Emerging
2022-09-30,27.847573,134700000.0,3751068083.1,-0.11760775637463539,0.0,0.0,False,ESGE,ESG,Emerging
2022-10-31,27.250009,126200000.0,3438951135.7999997,-0.021458387055848682,-231625076.5,-0.061749099554753425,True,ESGE,ESG,Emerging
2022-11-30,31.643878,126200000.0,3993457403.6,0.16124284582805104,0.0,0.0,False,ESGE,ESG,Emerging
2022-12-31,30.158008,124200000.0,3745624593.6,-0.046956002042480405,-60316016.0,-0.015103708366997141,True,ESGE,ESG,Emerging
2023-01-31,32.870003,131300000.0,4315831393.9,0.08992619804331903,233377021.2999997,0.062306570097484346,False,ESGE,ESG,Emerging
2023-02-28,30.432405,138900000.0,4227061054.5,-0.0741587398090593,231286278.0,0.053590202417754376,False,ESGE,ESG,Emerging
2023-03-31,31.457381,138900000.0,4369430220.900001,0.03368041401920108,0.0,0.0,False,ESGE,ESG,Emerging
2023-04-30,31.094478,138900000.0,4319022994.2,-0.011536338641796151,0.0,0.0,False,ESGE,ESG,Emerging
2023-05-31,30.608948,138900000.0,4251582877.2000003,-0.015614669588600139,0.0,0.0,False,ESGE,ESG,Emerging
2023-06-30,31.608358,140000000.0,4425170120.0,0.0326509097927834,34769193.80000019,0.008177940970281267,False,ESGE,ESG,Emerging
2023-07-31,33.687088,140000000.0,4716192320.0,0.0657652004574234,0.0,0.0,False,ESGE,ESG,Emerging
2023-08-31,31.353888,137900000.0,4323701155.2,-0.06926095838263024,-65843164.80000019,-0.013961085624260587,True,ESGE,ESG,Emerging
2023-09-30,30.423625,134900000.0,4104147012.5,-0.029669781304315412,-91270875.0,-0.02110943187880387,True,ESGE,ESG,Emerging
2023-10-31,29.468917,127900000.0,3769074484.3,-0.03138048145150352,-206282419.0,-0.05026194684832821,True,ESGE,ESG,Emerging
2023-11-30,31.652067,126700000.0,4010316888.8999996,0.07408314326583487,-37982480.400000095,-0.01007740243877252,True,ESGE,ESG,Emerging
2023-12-31,32.116825,126700000.0,4069201727.5,0.014683338058143258,4.76837158203125e-07,1.1890261328797833e-16,False,ESGE,ESG,Emerging
2024-01-31,30.415822,126700000.0,3853684647.3999996,-0.05296298746840633,-4.76837158203125e-07,-1.1718199050703736e-16,True,ESGE,ESG,Emerging
2024-02-29,31.683618,127700000.0,4045998018.6,0.04168212189037668,31683618.0,0.008221642635283162,False,ESGE,ESG,Emerging
2024-03-31,32.330163,127700000.0,4128561815.1,0.020406286933518647,4.76837158203125e-07,1.178540266236019e-16,False,ESGE,ESG,Emerging
2024-04-30,32.142475,126300000.0,4059594592.4999995,-0.005805352728967095,-44999465.00000048,-0.010899549774310579,True,ESGE,ESG,Emerging
2024-05-31,32.709595,126900000.0,4150847605.5,0.017643943100212445,19625757.000000477,0.004834413031355046,False,ESGE,ESG,Emerging
2024-06-30,33.487775,126300000.0,4229505982.5,0.02379057276618668,-20092664.999999523,-0.004840617365324646,True,ESGE,ESG,Emerging
2024-07-31,33.864544,127200000.0,4307569996.8,0.011250941574947992,30478089.599999905,0.007206063716686067,False,ESGE,ESG,Emerging
2024-08-31,34.35291,127200000.0,4369690152.0,0.014421159782928017,0.0,0.0,False,ESGE,ESG,Emerging
2024-09-30,36.427945,127200000.0,4633634604.0,0.0604034709141088,0.0,0.0,False,ESGE,ESG,Emerging
2024-10-31,35.12918,127200000.0,4468431696.0,-0.03565298564055708,0.0,0.0,False,ESGE,ESG,Emerging
2024-11-30,34.440999,127200000.0,4380895072.8,-0.019590010356063003,0.0,0.0,False,ESGE,ESG,Emerging
2024-12-31,33.52492,127600000.0,4277779792.0,-0.02659850255795415,13409967.999999523,0.003061010998245318,False,ESGE,ESG,Emerging
2025-01-31,34.293865,127600000.0,4375897174.0,0.022936520057318388,9.5367431640625e-07,2.229367482145163e-16,False,ESGE,ESG,Emerging
2025-02-28,34.668583,130300000.0,4517316364.9,0.010926677410084906,93605174.09999943,0.021391081732031445,False,ESGE,ESG,Emerging
2025-03-31,34.996192,128300000.0,4490011433.6,0.009449737244813239,-69992383.99999905,-0.01549424001910667,True,ESGE,ESG,Emerging
2025-04-30,35.304711,128300000.0,4529594421.299999,0.008815787729133495,-9.5367431640625e-07,-2.123990841692831e-16,True,ESGE,ESG,Emerging
2025-05-31,36.789678,127600000.0,4694362912.8,0.04206144046895055,-25752774.599999428,-0.0056854482332677255,True,ESGE,ESG,Emerging
2025-06-30,39.179941,127800000.0,5007196459.8,0.06497102257866993,7835988.200000763,0.0016692335777096765,False,ESGE,ESG,Emerging
2025-07-31,39.667912,127800000.0,5069559153.6,0.012454612935736797,0.0,0.0,False,ESGE,ESG,Emerging
2025-08-31,40.476723,125800000.0,5091971753.4,0.02038955314814661,-80953446.00000095,-0.0159685376079524,True,ESGE,ESG,Emerging
2025-09-30,43.373574,125800000.0,5456395609.2,0.07156831841352362,9.5367431640625e-07,1.872897892195621e-16,False,ESGE,ESG,Emerging
2025-10-31,44.725977,125800000.0,5626527906.6,0.03118034497226363,0.0,0.0,False,ESGE,ESG,Emerging
2025-11-30,43.87492,125800000.0,5519464936.0,-0.019028248393545333,-9.5367431640625e-07,-1.6949606084554844e-16,True,ESGE,ESG,Emerging
2025-12-31,44.341313,126400000.0,5604741963.2,0.010630059268484038,26604787.80000019,0.004820175163442725,False,ESGE,ESG,Emerging
2019-02-28,61.163916,2650000.0,162084377.4,0.0331924772457135,6116391.599999994,0.04051735204885147,False,ESGU,ESG,US
2019-03-31,62.196164,2900000.0,180368875.60000002,0.016876748048637147,15549041.0,0.09593176868383368,False,ESGU,ESG,US
2019-04-30,64.769119,3150000.0,204022724.85000002,0.0413683872851065,16192279.75,0.08977313683492297,False,ESGU,ESG,US
2019-05-31,60.557846,3600000.0,218008245.6,-0.06501976659586806,27251030.699999988,0.1335686047720188,False,ESGU,ESG,US
2019-06-30,64.590824,3850000.0,248674672.4,0.0665971177376421,16147706.00000003,0.0740692442873364,False,ESGU,ESG,US
2019-07-31,65.58924,4100000.0,268915884.0,0.015457551679477044,16397309.99999997,0.06593880205710877,False,ESGU,ESG,US
2019-08-31,64.327341,4600000.0,295905768.6,-0.019239420978196975,32163670.5,0.11960494866119549,False,ESGU,ESG,US
2019-09-30,65.41447,17600000.0,1151294672.0,0.016899952385720285,850388110.0,2.873847691524862,False,ESGU,ESG,US
2019-10-31,67.000488,18800000.0,1259609174.4,0.02424567530700794,80400585.5999999,0.06983493240729591,False,ESGU,ESG,US
2019-11-30,69.557048,19300000.0,1342451026.3999999,0.03815733401822374,34778524.0,0.027610567394101695,False,ESGU,ESG,US
2019-12-31,71.385718,20500000.0,1463407219.0,0.026290218641826346,85662861.5999999,0.06381079079638291,False,ESGU,ESG,US
2020-01-31,71.78379,46900000.0,3366659751.0,0.005576353522142918,1895092056.0,1.2949861333163206,False,ESGU,ESG,US
2020-02-29,65.930148,52100000.0,3434960710.8,-0.0815454575468918,342836769.5999999,0.10183291302251943,False,ESGU,ESG,US
2020-03-31,57.625302,60750000.0,3500737096.5,-0.12596431605158853,498458862.3000002,0.1451134100989206,False,ESGU,ESG,US
2020-04-30,65.175784,102400000.0,6674000281.599999,0.131027200516884,2714571403.6,0.7754285251280365,False,ESGU,ESG,US
2020-05-31,68.588599,106100000.0,7277250353.900001,0.052363236627886334,253777816.3000002,0.038024843510968576,False,ESGU,ESG,US
2020-06-30,70.000125,100300000.0,7021012537.5,0.020579600991704083,-406000725.0,-0.05579040231622888,True,ESGU,ESG,US
2020-07-31,74.101647,108450000.0,8036323617.15,0.05859306679809495,603928423.0500002,0.08601728309476049,False,ESGU,ESG,US
2020-08-31,79.745163,112200000.0,8947407288.6,0.07615911694918198,299044361.25,0.03721158772300076,False,ESGU,ESG,US
2020-09-30,76.287054,115550000.0,8814969089.699999,-0.043364498483751346,255561630.89999866,0.028562646435645423,False,ESGU,ESG,US
2020-10-31,74.372724,140650000.0,10460523630.6,-0.025093772791383362,1866755372.4000015,0.21177106276881263,False,ESGU,ESG,US
2020-11-30,83.117475,152900000.0,12708661927.5,0.11758008218174165,1018189068.7500019,0.09733633847654719,False,ESGU,ESG,US
2020-12-31,86.079108,155600000.0,13393909204.800001,0.03563189329319738,232413591.60000038,0.01828780975730306,False,ESGU,ESG,US
2021-01-31,85.575849,152300000.0,13033201802.7,-0.005846470899768197,-282400301.69999886,-0.021084232943642364,True,ESGU,ESG,US
2021-02-28,87.748811,165900000.0,14557527744.9,0.02539223420383485,1193383829.5999985,0.09156490075621887,False,ESGU,ESG,US
2021-03-31,90.820817,170450000.0,15480408257.650002,0.0350090897527946,413234717.3500004,0.028386325246384687,False,ESGU,ESG,US
2021-04-30,95.507575,176300000.0,16837985472.5,0.05160444658849528,558719313.7499981,0.03609202706097199,False,ESGU,ESG,US
2021-05-31,96.085836,180700000.0,17362710565.2,0.006054608757472879,422777678.4000015,0.025108566525994875,False,ESGU,ESG,US
2021-06-30,98.464513,186500000.0,18363631674.5,0.02475575068108893,571094175.3999977,0.03289199421112502,False,ESGU,ESG,US
2021-07-31,100.639287,205700000.0,20701501335.899998,0.02208688118936819,1932274310.3999977,0.10522288535568819,False,ESGU,ESG,US
2021-08-31,103.692483,220700000.0,22884930998.1,0.03033801302666217,1555387245.0000038,0.07513403109090896,False,ESGU,ESG,US
2021-09-30,98.428145,219800000.0,21634506271.0,-0.05076875244659729,-88585330.5,-0.003870902232886554,True,ESGU,ESG,US
2021-10-31,105.411732,223950000.0,23606957381.4,0.07095111870695114,437458687.80000305,0.020220414661664597,False,ESGU,ESG,US
2021-11-30,104.11429,242050000.0,25200863894.5,-0.012308326363520972,1884468649.0,0.07982683318964175,False,ESGU,ESG,US
2021-12-31,107.872803,238200000.0,25695301674.600002,0.03609987639544965,-415310291.54999924,-0.01648000216534796,True,ESGU,ESG,US
2022-01-31,101.461827,243250000.0,24680589417.75,-0.05943088361206306,512382226.3499985,0.019940697051885253,False,ESGU,ESG,US
2022-02-28,98.229095,241050000.0,23678123349.75,-0.031861559126074024,-216104009.0,-0.00875603111992862,True,ESGU,ESG,US
2022-03-31,101.212195,247500000.0,25050018262.5,0.03036880264447106,652818657.75,0.027570540456572656,False,ESGU,ESG,US
2022-04-30,92.029227,255350000.0,23499663114.45,-0.09072985720742432,722429431.949997,0.028839477256249243,False,ESGU,ESG,US
2022-05-31,91.925948,249650000.0,22949312918.2,-0.0011222413071012571,-523977903.6000023,-0.02229725171157058,True,ESGU,ESG,US
2022-06-30,83.95816,252050000.0,21161654228.0,-0.08667615807454054,201499583.9999962,0.008780201164114003,False,ESGU,ESG,US
2022-07-31,91.846782,251550000.0,23104058012.100002,0.09395896718079566,-45923390.999996185,-0.002170122926365215,True,ESGU,ESG,US
2022-08-31,88.12654,252200000.0,22225513388.0,-0.040504870382938374,57282250.999996185,0.0024793155804056785,False,ESGU,ESG,US
2022-09-30,79.40491,252350000.0,20037829038.5,-0.09896712159583254,11910736.5,0.0005359037738327721,False,ESGU,ESG,US
2022-10-31,85.767469,233850000.0,20056722625.65,0.0801280298661633,-1586698176.5,-0.07918513395095708,True,ESGU,ESG,US
2022-11-30,90.58014,230250000.0,20856077235.0,0.05611301179938044,-326088504.0,-0.01625831448568642,True,ESGU,ESG,US
2022-12-31,84.773891,231050000.0,19587007515.550003,-0.06410068476379027,67819112.79999924,0.0032517674362169784,False,ESGU,ESG,US
2023-01-31,90.256807,222050000.0,20041523994.35,0.06467694163053084,-812311263.0,-0.041471943192706244,True,ESGU,ESG,US
2023-02-28,87.944813,219750000.0,19325872656.75,-0.025615730013582194,-202273069.8999977,-0.010092699036112297,True,ESGU,ESG,US
2023-03-31,90.457104,157400000.0,14237948169.6,0.02856667624047371,-5640000434.4,-0.2918367793565121,True,ESGU,ESG,US
2023-04-30,91.528995,148750000.0,13614938006.25,0.011849716082000583,-791725806.75,-0.055606734714798635,True,ESGU,ESG,US
2023-05-31,91.877871,146250000.0,13437138633.75,0.0038116446050784347,-229694677.5,-0.016870783942942495,True,ESGU,ESG,US
2023-06-30,97.494748,149750000.0,14599838513.0,0.0611341658101765,341231617.9999981,0.025394663797166473,False,ESGU,ESG,US
2023-07-31,100.873272,132550000.0,13370752203.6,0.034653394867998344,-1735020278.3999977,-0.11883831981121569,True,ESGU,ESG,US
2023-08-31,99.225678,129200000.0,12819957597.6,-0.016333305813654997,-332406021.29999924,-0.02486068219935306,True,ESGU,ESG,US
2023-09-30,93.883342,128900000.0,12101562783.8,-0.053840256954454935,-28165002.60000038,-0.0021969653476290045,True,ESGU,ESG,US
2023-10-31,91.671914,127000000.0,11642333078.0,-0.023555062622291345,-174176636.60000038,-0.014392904429927467,True,ESGU,ESG,US
2023-11-30,100.525065,126950000.0,12761657001.75,0.09657430082675056,-5026253.25,-0.00043172216567982305,True,ESGU,ESG,US
2023-12-31,104.878595,127550000.0,13377264792.25,0.043307905346790854,62927157.0,0.00493095504693245,False,ESGU,ESG,US
2024-01-31,106.356245,122900000.0,13071182510.5,0.014089147551986203,-494556539.25,-0.03696992972259299,True,ESGU,ESG,US
2024-02-29,111.86864,120550000.0,13485764552.0,0.051829537607312126,-262891304.0,-0.020112281638545025,True,ESGU,ESG,US
2024-03-31,115.032747,110600000.0,12722621818.2,0.028284128599400216,-1144575832.6499996,-0.08487289157664063,True,ESGU,ESG,US
2024-04-30,110.302656,111350000.0,12282200745.6,-0.04111951703630967,82726992.0,0.0065023540888134515,False,ESGU,ESG,US
2024-05-31,115.559104,110700000.0,12792392812.800001,0.04765477270103102,-75113417.60000038,-0.006115631811905465,True,ESGU,ESG,US
2024-06-30,119.292106,106900000.0,12752326131.4,0.032303833023835216,-453310002.80000305,-0.03543590393397109,True,ESGU,ESG,US
2024-07-31,121.036277,106000000.0,12829845362.0,0.014621009373411376,-108932649.29999733,-0.008542178750571075,True,ESGU,ESG,US
2024-08-31,123.871221,104850000.0,12987897521.85,0.02342226702825645,-142451904.15000153,-0.011103166104551957,True,ESGU,ESG,US
2024-09-30,126.211492,105900000.0,13365797002.800001,0.018892774133549617,132522066.60000038,0.010203504175872485,False,ESGU,ESG,US
2024-10-31,124.780931,106650000.0,13307886291.15,-0.011334633457942278,93585698.25,0.007001879366445168,False,ESGU,ESG,US
2024-11-30,132.593965,108950000.0,14446112486.75,0.06261400630197245,304966119.5000019,0.022916195166381173,False,ESGU,ESG,US
2024-12-31,128.786825,102500000.0,13200649562.5,-0.028712769845897657,-830675021.2499981,-0.05750163042215646,True,ESGU,ESG,US
2025-01-31,132.338583,107050000.0,14166845310.15,0.027578581892984788,602140552.6499996,0.04561446387915198,False,ESGU,ESG,US
2025-02-28,129.943341,105450000.0,13702525308.45,-0.01809934748961306,-207909345.59999847,-0.014675768743732906,True,ESGU,ESG,US
2025-03-31,121.856517,104900000.0,12782748633.3,-0.06223346219795911,-67021084.35000038,-0.0048911483716560025,True,ESGU,ESG,US
2025-04-30,121.102175,103600000.0,12546185330.0,-0.00619041162976941,-157432827.5,-0.012316038750060055,True,ESGU,ESG,US
2025-05-31,129.054882,103200000.0,13318463822.4,0.06566939858842336,-51621952.800001144,-0.004114553662503656,True,ESGU,ESG,US
2025-06-30,135.234948,102000000.0,13793964696.0,0.047887115188715024,-162281937.6000023,-0.012184733897543367,True,ESGU,ESG,US
2025-07-31,138.201087,101400000.0,14013590221.8,0.021933228384130476,-82920652.20000076,-0.006011371931671411,True,ESGU,ESG,US
2025-08-31,140.969953,100700000.0,14195674267.1,0.020035052256861086,-98678967.09999847,-0.00704166209644765,True,ESGU,ESG,US
2025-09-30,145.65834,102650000.0,14951828601.000002,0.03325805889997002,284033763.0,0.020008472838678664,False,ESGU,ESG,US
2025-10-31,149.570302,102300000.0,15301041894.6,0.026857109589468076,-52349605.70000267,-0.003501217616720235,True,ESGU,ESG,US
2025-11-30,149.428094,101850000.0,15219251373.9,-0.0009507769797777454,-67242642.30000114,-0.004394644676042108,True,ESGU,ESG,US
2025-12-31,148.956946,104150000.0,15513865925.9,-0.0031530081619056682,342600975.80000114,0.022511026816176973,False,ESGU,ESG,US
2020-07-31,50.881801,600000.0,30529080.6,0.016316962540657842,5088180.099999998,0.20326339250813147,False,EUSB,ESG,Fixed Income
2020-08-31,50.494798,600000.0,30296878.8,-0.007605921810825866,0.0,0.0,False,EUSB,ESG,Fixed Income
2020-09-30,50.43373,1000000.0,50433730.0,-0.001209391906073276,20173492.000000004,0.6658604053959514,False,EUSB,ESG,Fixed Income
2020-10-31,50.184422,2700000.0,135497939.4,-0.004943279031711545,85313517.4,1.6915964256460905,False,EUSB,ESG,Fixed Income
2020-11-30,50.599546,2700000.0,136618774.2,0.00827196933741714,-2.9802322387695312e-08,-2.199466834673894e-16,True,EUSB,ESG,Fixed Income
2020-12-31,50.614148,2900000.0,146781029.2,0.00028857966433148974,10122829.599999994,0.07409545034550599,False,EUSB,ESG,Fixed Income
2021-01-31,50.307527,3300000.0,166014839.1,-0.006058009709064005,20123010.800000012,0.13709544693668094,False,EUSB,ESG,Fixed Income
2021-02-28,49.601067,3700000.0,183523947.9,-0.014042829018409142,19840426.800000012,0.1195099601189808,False,EUSB,ESG,Fixed Income
2021-03-31,48.989466,4400000.0,215553650.4,-0.012330400069821112,34292626.20000002,0.1868564107976015,False,EUSB,ESG,Fixed Income
2021-04-30,49.318522,5000000.0,246592610.0,0.0067168725619504155,29591113.199999988,0.13727957353117498,False,EUSB,ESG,Fixed Income
2021-05-31,49.41099,5400000.0,266819346.0,0.0018749142563516674,19764396.00000003,0.08014999314050826,False,EUSB,ESG,Fixed Income
2021-06-30,49.670626,5900000.0,293056693.4,0.005254620480180661,24835312.99999997,0.09307913152594254,False,EUSB,ESG,Fixed Income
2021-07-31,50.131011,8300000.0,416087391.3,0.009268757756344836,120314426.40000004,0.41055000315512347,False,EUSB,ESG,Fixed Income
2021-08-31,50.031071,9000000.0,450279639.0,-0.0019935763912681814,35021749.70000005,0.08416921644892932,False,EUSB,ESG,Fixed Income
2021-09-30,49.580832,9300000.0,461101737.6,-0.008999187724764046,14874249.600000024,0.03303336040917458,False,EUSB,ESG,Fixed Income
2021-10-31,49.445097,11100000.0,548840576.6999999,-0.0027376507114685866,89001174.59999996,0.19301851921713503,False,EUSB,ESG,Fixed Income
2021-11-30,49.493736,12200000.0,603823579.1999999,0.0009836971297680908,54443109.599999905,0.09919658259844531,False,EUSB,ESG,Fixed Income
2021-12-31,49.312787,12900000.0,636134952.3,-0.0036559980034645,34518950.899999976,0.057167278803079875,False,EUSB,ESG,Fixed Income
2022-01-31,48.308745,12800000.0,618351936.0,-0.02036068251425327,-4830874.5,-0.007594103236323618,True,EUSB,ESG,Fixed Income
2022-02-28,47.640315,12800000.0,609796032.0,-0.013836625232139688,0.0,0.0,False,EUSB,ESG,Fixed Income
2022-03-31,46.309808,17800000.0,824314582.4,-0.02792817385863222,231549040.0,0.3797155570864718,False,EUSB,ESG,Fixed Income
2022-04-30,44.619426,18300000.0,816535495.8,-0.0365015981063882,22309713.0,0.027064561850944153,False,EUSB,ESG,Fixed Income
2022-05-31,44.804976,18400000.0,824411558.4000001,0.004158502621705695,4480497.600000143,0.005487204932359223,False,EUSB,ESG,Fixed Income
2022-06-30,43.92703,18500000.0,812650055.0,-0.0195948325025328,4392703.0,0.005328288953790583,False,EUSB,ESG,Fixed Income
2022-07-31,44.914868,17900000.0,803976137.1999999,0.02248815820236416,-26948920.799999952,-0.0331617781038604,True,EUSB,ESG,Fixed Income
2022-08-31,43.645949,18000000.0,785627082.0,-0.02825164709378636,4364594.899999976,0.005428761748079376,False,EUSB,ESG,Fixed Income
2022-09-30,41.753521,18200000.0,759914082.1999999,-0.043358617314060544,8350704.200000048,0.0106293486965105,False,EUSB,ESG,Fixed Income
2022-10-31,41.201934,18300000.0,753995392.2,-0.013210550554526801,4120193.4000000954,0.00542192005189833,False,EUSB,ESG,Fixed Income
2022-11-30,42.554634,18000000.0,765983412.0,0.03283098312812216,-12766390.200000048,-0.01693165546111682,True,EUSB,ESG,Fixed Income
2022-12-31,42.136148,18500000.0,779518738.0,-0.0098340876342633,21068074.0,0.02750460867682602,False,EUSB,ESG,Fixed Income
2023-01-31,43.44191,13500000.0,586465785.0,0.030989116518197246,-217209550.00000012,-0.2786457071670805,True,EUSB,ESG,Fixed Income
2023-02-28,42.274077,13500000.0,570700039.5,-0.02688263476444752,0.0,0.0,False,EUSB,ESG,Fixed Income
2023-03-31,43.13337,13600000.0,586613832.0,0.02032671227807059,4313337.0,0.007557975646504227,False,EUSB,ESG,Fixed Income
2023-04-30,43.278878,13600000.0,588592740.8,0.003373443809282728,-1.1920928955078125e-07,-2.0321595408746046e-16,True,EUSB,ESG,Fixed Income
2023-05-31,42.73727,13800000.0,589774326.0,-0.012514372484425218,8547454.0,0.014521847463464336,False,EUSB,ESG,Fixed Income
2023-06-30,42.52698,13900000.0,591125022.0,-0.004920529551840858,4252698.0,0.007210720800348979,False,EUSB,ESG,Fixed Income
2023-07-31,42.442962,14400000.0,611178652.8000001,-0.001975639934930773,21221481.00000012,0.0359001568368732,False,EUSB,ESG,Fixed Income
2023-08-31,42.08875,14400000.0,606078000.0,-0.008345600384817686,0.0,0.0,False,EUSB,ESG,Fixed Income
2023-09-30,40.988704,14400000.0,590237337.6,-0.026136342846960314,0.0,0.0,False,EUSB,ESG,Fixed Income
2023-10-31,40.265603,13300000.0,535532519.9,-0.017641470196276487,-44292163.30000007,-0.07504127658222899,True,EUSB,ESG,Fixed Income
2023-11-30,41.924769,13100000.0,549214473.9,0.04120554210997418,-8384953.8000000715,-0.0156572261971426,True,EUSB,ESG,Fixed Income
2023-12-31,43.220161,13500000.0,583472173.5,0.030898011626492305,17288064.399999976,0.03147780188172491,False,EUSB,ESG,Fixed Income
2024-01-31,43.138344,13700000.0,590995312.8,-0.0018930285798797186,8627668.799999952,0.014786769946964665,False,EUSB,ESG,Fixed Income
2024-02-29,42.470931,13900000.0,590345940.9,-0.015471456206107459,8494186.200000048,0.014372679471443769,False,EUSB,ESG,Fixed Income
2024-03-31,42.718887,14400000.0,615151972.8000001,0.005838252050561321,21359443.50000012,0.03618123208814989,False,EUSB,ESG,Fixed Income
2024-04-30,41.638616,14700000.0,612087655.1999999,-0.025287901344433483,12491584.799999833,0.02030650205532403,False,EUSB,ESG,Fixed Income
2024-05-31,42.190898,14700000.0,620206200.5999999,0.013263697333263824,0.0,0.0,False,EUSB,ESG,Fixed Income
2024-06-30,42.444422,15000000.0,636666330.0,0.006008973783871774,12733326.600000024,0.02053079538334436,False,EUSB,ESG,Fixed Income
2024-07-31,43.271998,15200000.0,657734369.6,0.019497874184739805,8654399.600000024,0.0135933049891299,False,EUSB,ESG,Fixed Income
2024-08-31,43.763989,15600000.0,682718228.4,0.011369731529383031,17505595.599999905,0.02661499293498362,False,EUSB,ESG,Fixed Income
2024-09-30,44.207174,15900000.0,702894066.6,0.010126704857731372,13262152.200000048,0.01942551355495644,False,EUSB,ESG,Fixed Income
2024-10-31,43.082156,16100000.0,693622711.5999999,-0.025448765397218187,8616431.199999928,0.012258506095632374,False,EUSB,ESG,Fixed Income
2024-11-30,43.417739,15600000.0,677316728.4,0.0077893734009040205,-21708869.49999988,-0.0312978066273571,True,EUSB,ESG,Fixed Income
2024-12-31,42.483016,15800000.0,671231652.8,-0.021528596871430827,8496603.199999928,0.012544505168314884,False,EUSB,ESG,Fixed Income
2025-01-31,42.725432,15800000.0,675061825.6,0.005706186208625175,0.0,0.0,False,EUSB,ESG,Fixed Income
2025-02-28,43.459676,15900000.0,691008848.4,0.017185174394491964,4345967.599999785,0.006437880850597731,False,EUSB,ESG,Fixed Income
2025-03-31,43.331183,16000000.0,693298928.0,-0.002956602805782471,4333118.299999952,0.00627071318990067,False,EUSB,ESG,Fixed Income
2025-04-30,43.378024,15900000.0,689710581.6,0.0010809997963823204,-4337802.400000095,-0.006256756248727526,True,EUSB,ESG,Fixed Income
2025-05-31,43.011286,16500000.0,709686219.0,-0.008454465330186678,25806771.600000024,0.0374168126290496,False,EUSB,ESG,Fixed Income
2025-06-30,43.512628,16900000.0,735363413.2,0.011656056970721584,17405051.200000048,0.02452499532050241,False,EUSB,ESG,Fixed Income
2025-07-31,43.292434,17100000.0,740300621.4,-0.005060461988184217,8658486.799999952,0.01177443240250663,False,EUSB,ESG,Fixed Income
2025-08-31,43.655955,17100000.0,746516830.5,0.008396871379419357,0.0,0.0,False,EUSB,ESG,Fixed Income
2025-09-30,43.943753,15700000.0,689916922.1,0.006592411046786317,-61521254.20000005,-0.08241107458862583,True,EUSB,ESG,Fixed Income
2025-10-31,44.085807,15500000.0,683330008.5,0.0032326324062490475,-8817161.400000095,-0.012780033533837705,True,EUSB,ESG,Fixed Income
2025-11-30,44.199179,15500000.0,685087274.5,0.0025716212929933757,0.0,0.0,False,EUSB,ESG,Fixed Income
2025-12-31,43.841791,15800000.0,692700297.8,-0.008085851549414547,13152537.299999952,0.019198338357108036,False,EUSB,ESG,Fixed Income
2019-02-28,50.495437,200000.0,10099087.4,0.011264765148883527,-1.862645149230957e-09,-1.8651461610211935e-16,True,HYXF,ESG,Fixed Income
2019-03-31,50.667115,200000.0,10133423.0,0.003399871556711176,0.0,0.0,False,HYXF,ESG,Fixed Income
2019-04-30,51.050944,200000.0,10210188.8,0.007575505335166488,1.862645149230957e-09,1.8381203954783661e-16,False,HYXF,ESG,Fixed Income
2019-05-31,50.296861,200000.0,10059372.2,-0.014771186209602716,-1.862645149230957e-09,-1.8243003980797662e-16,True,HYXF,ESG,Fixed Income
2019-06-30,51.359292,200000.0,10271858.4,0.02112320687368552,0.0,0.0,False,HYXF,ESG,Fixed Income
2019-07-31,51.56509,200000.0,10313018.0,0.004007025642019935,1.862645149230957e-09,1.813347766973654e-16,False,HYXF,ESG,Fixed Income
2019-08-31,51.759316,250000.0,12939829.0,0.003766618074360073,2587965.799999999,0.2509416545185899,False,HYXF,ESG,Fixed Income
2019-09-30,51.675559,350000.0,18086445.65,-0.0016182014460932592,5167555.8999999985,0.3993527194215626,False,HYXF,ESG,Fixed Income
2019-10-31,51.812636,450000.0,23315686.2,0.0026526466796421566,5181263.6000000015,0.28647218476561215,False,HYXF,ESG,Fixed Income
2019-11-30,51.816216,550000.0,28498918.799999997,6.909511417263481e-05,5181621.599999994,0.22223757669203809,False,HYXF,ESG,Fixed Income
2019-12-31,52.166591,600000.0,31299954.599999998,0.006761879331365961,2608329.5500000045,0.09152380721194253,False,HYXF,ESG,Fixed Income
2020-01-31,52.114573,700000.0,36480201.1,-0.0009971516060920393,5211457.300000001,0.16650047473231802,False,HYXF,ESG,Fixed Income
2020-02-29,51.483708,500000.0,25741854.0,-0.012105347193384852,-10296741.600000001,-0.2822556150876044,True,HYXF,ESG,Fixed Income
2020-03-31,47.416175,850000.0,40303748.75,-0.07900621687932807,16595661.25,0.6446956481844703,False,HYXF,ESG,Fixed Income
2020-04-30,48.372739,900000.0,43535465.1,0.020173790905740452,2418636.950000003,0.060010222994455395,False,HYXF,ESG,Fixed Income
2020-05-31,49.636797,900000.0,44673117.300000004,0.026131619299043507,7.450580596923828e-09,1.7113818767779348e-16,False,HYXF,ESG,Fixed Income
2020-06-30,49.326888,900000.0,44394199.199999996,-0.006243533401238732,0.0,0.0,False,HYXF,ESG,Fixed Income
2020-07-31,51.401634,1000000.0,51401634.0,0.04206115739553651,5140163.400000006,0.11578457304394864,False,HYXF,ESG,Fixed Income
2020-08-31,51.529512,1000000.0,51529512.0,0.0024878197451854156,7.450580596923828e-09,1.449483220110051e-16,False,HYXF,ESG,Fixed Income
2020-09-30,50.969726,1000000.0,50969726.0,-0.010863405809082627,-7.450580596923828e-09,-1.4458861160811746e-16,True,HYXF,ESG,Fixed Income
2020-10-31,51.033145,1200000.0,61239774.0,0.001244248399530301,10206629.0,0.20024884967990605,False,HYXF,ESG,Fixed Income
2020-11-30,52.375392,1300000.0,68088009.6,0.026301475247116457,5237539.199999988,0.0855251229372595,False,HYXF,ESG,Fixed Income
2020-12-31,52.382534,1500000.0,78573801.0,0.00013636174789866118,10476506.800000012,0.15386713257659998,False,HYXF,ESG,Fixed Income
2021-01-31,52.333478,1550000.0,81116890.9,-0.0009364953593119507,2616673.900000006,0.033302116821356344,False,HYXF,ESG,Fixed Income
2021-02-28,51.973974,1850000.0,96151851.89999999,-0.00686948419518385,15592192.199999988,0.19221880951060943,False,HYXF,ESG,Fixed Income
2021-03-31,51.854102,2000000.0,103708204.0,-0.0023063851149808245,7778115.300000012,0.08089407688256925,False,HYXF,ESG,Fixed Income
2021-04-30,52.113583,2050000.0,106832845.14999999,0.005004059273844952,2605679.149999991,0.025125101481846036,False,HYXF,ESG,Fixed Income
2021-05-31,52.029966,2100000.0,109262928.60000001,-0.001604514508242394,2601498.300000012,0.0243511094022381,False,HYXF,ESG,Fixed Income
2021-06-30,52.4396,2100000.0,110123160.0,0.007873039932411174,0.0,0.0,False,HYXF,ESG,Fixed Income
2021-07-31,52.524213,2150000.0,112927057.95,0.0016135325212245366,2626210.649999991,0.023847941250505263,False,HYXF,ESG,Fixed Income
2021-08-31,52.625345,2250000.0,118407026.25,0.001925435798533437,5262534.5,0.04660118306039691,False,HYXF,ESG,Fixed Income
2021-09-30,52.307992,2300000.0,120308381.6,-0.006030421273247821,2615399.600000009,0.02208821286059457,False,HYXF,ESG,Fixed Income
2021-10-31,51.896636,2400000.0,124551926.4,-0.00786411376678342,5189663.600000009,0.04313634287970514,False,HYXF,ESG,Fixed Income
2021-11-30,51.248703,2400000.0,122996887.2,-0.012485067432887242,0.0,0.0,False,HYXF,ESG,Fixed Income
2021-12-31,51.513653,2800000.0,144238228.4,0.005169886933528822,20605461.200000003,0.1675283144889215,False,HYXF,ESG,Fixed Income
2022-01-31,50.001339,3000000.0,150004017.0,-0.02935753750563941,10000267.799999982,0.06933160446388277,False,HYXF,ESG,Fixed Income
2022-02-28,49.170678,3450000.0,169638839.1,-0.01661277510988257,22126805.099999994,0.14750808373351756,False,HYXF,ESG,Fixed Income
2022-03-31,48.490951,3450000.0,167293780.95000002,-0.013823828095272495,0.0,0.0,False,HYXF,ESG,Fixed Income
2022-04-30,46.456598,3650000.0,169566582.7,-0.04195325020538376,9291319.599999994,0.055538942017079165,False,HYXF,ESG,Fixed Income
2022-05-31,46.754787,3350000.0,156628536.45,0.00641865768991523,-14026436.099999994,-0.08271934172793821,True,HYXF,ESG,Fixed Income
2022-06-30,43.455269,3350000.0,145575151.15,-0.07057069899601931,0.0,0.0,False,HYXF,ESG,Fixed Income
2022-07-31,46.003597,2950000.0,135710611.15,0.058642554945408376,-18401438.800000012,-0.1264050811875115,True,HYXF,ESG,Fixed Income
2022-08-31,44.435605,3000000.0,133306815.0,-0.034084117378908374,2221780.249999985,0.01637145563764551,False,HYXF,ESG,Fixed Income
2022-09-30,42.325479,3100000.0,131208984.9,-0.047487279626326706,4232547.900000006,0.03175042401245582,False,HYXF,ESG,Fixed Income
2022-10-31,43.324143,3000000.0,129972429.0,0.023594865872634152,-4332414.299999982,-0.03301918922169774,True,HYXF,ESG,Fixed Income
2022-11-30,43.80894,2850000.0,124855479.0,0.011189996302985117,-6571341.0,-0.050559499815149254,True,HYXF,ESG,Fixed Income
2022-12-31,43.097766,2750000.0,118518856.5,-0.016233535894728313,-4309776.600000009,-0.03451812154755347,True,HYXF,ESG,Fixed Income
2023-01-31,44.685344,2650000.0,118416161.60000001,0.03683666573343958,-4468534.399999976,-0.03770315148121579,True,HYXF,ESG,Fixed Income
2023-02-28,43.765386,2650000.0,115978272.9,-0.020587465993324394,0.0,0.0,False,HYXF,ESG,Fixed Income
2023-03-31,43.985235,2700000.0,118760134.50000001,0.005023353387080931,2199261.75,0.018962704780888316,False,HYXF,ESG,Fixed Income
2023-04-30,44.130789,2650000.0,116946590.85,0.0033091559019746697,-2206539.450000003,-0.018579799183369928,True,HYXF,ESG,Fixed Income
2023-05-31,43.506213,2600000.0,113116153.80000001,-0.01415284009538098,-2175310.649999991,-0.018600889809521036,True,HYXF,ESG,Fixed Income
2023-06-30,43.988288,2550000.0,112170134.39999999,0.01108060129250954,-2199414.400000006,-0.0194438577171637,True,HYXF,ESG,Fixed Income
2023-07-31,44.359728,2650000.0,117553279.19999999,0.00844406583861601,4435972.799999997,0.039546826111318246,False,HYXF,ESG,Fixed Income
2023-08-31,44.120827,2700000.0,119126232.89999999,-0.005385537981657529,2206041.349999994,0.01876631060411962,False,HYXF,ESG,Fixed Income
2023-09-30,43.212589,2700000.0,116673990.3,-0.020585244243041867,0.0,0.0,False,HYXF,ESG,Fixed Income
2023-10-31,42.324046,2600000.0,110042519.60000001,-0.020562132946952083,-4232404.599999994,-0.03627547655752024,True,HYXF,ESG,Fixed Income
2023-11-30,44.246348,2600000.0,115040504.8,0.04541867287451673,-1.4901161193847656e-08,-1.354127590681562e-16,True,HYXF,ESG,Fixed Income
2023-12-31,45.585372,2650000.0,120801235.8,0.030262927010382912,2279268.599999994,0.019812748596353465,False,HYXF,ESG,Fixed Income
2024-01-31,45.446581,2700000.0,122705768.7,-0.0030446389688341124,2272329.049999997,0.018810478510021975,False,HYXF,ESG,Fixed Income
2024-02-29,45.318177,2750000.0,124624986.75,-0.0028253830579687556,2265908.850000009,0.01846619661003769,False,HYXF,ESG,Fixed Income
2024-03-31,45.578917,2800000.0,127620967.6,0.005753541233576076,2278945.849999994,0.018286428022428608,False,HYXF,ESG,Fixed Income
2024-04-30,44.740146,2850000.0,127509416.10000001,-0.01840260925901316,2237007.299999997,0.017528524834660452,False,HYXF,ESG,Fixed Income
2024-05-31,45.030525,2900000.0,130588522.49999999,0.0064903453824221025,2251526.25,0.017657725357586355,False,HYXF,ESG,Fixed Income
2024-06-30,45.236687,3000000.0,135710061.0,0.004578272183147103,4523668.699999988,0.03464063007528084,False,HYXF,ESG,Fixed Income
2024-07-31,46.009752,3100000.0,142630231.2,0.017089337245231873,4600975.199999988,0.03390297790817431,False,HYXF,ESG,Fixed Income
2024-08-31,46.532778,3050000.0,141924972.9,0.011367720478041354,-2326638.900000006,-0.01631238258835555,True,HYXF,ESG,Fixed Income
2024-09-30,47.18574,3150000.0,148635081.0,0.01403230213334794,4718573.99999997,0.033246960725683325,False,HYXF,ESG,Fixed Income
2024-10-31,46.584606,3400000.0,158387660.4,-0.012739738743103302,11646151.5,0.0783539889886426,False,HYXF,ESG,Fixed Income
2024-11-30,46.883842,3450000.0,161749254.9,0.006423495349515251,2344192.099999994,0.014800345519845774,False,HYXF,ESG,Fixed Income
2024-12-31,46.090642,3450000.0,159012714.9,-0.016918408691847353,0.0,0.0,False,HYXF,ESG,Fixed Income
2025-01-31,46.753565,3500000.0,163637477.5,0.01438302812097958,2337678.25,0.014701203306101153,False,HYXF,ESG,Fixed Income
2025-02-28,46.838441,3500000.0,163934543.5,0.0018153909760678655,0.0,0.0,False,HYXF,ESG,Fixed Income
2025-03-31,46.16723,4000000.0,184668920.0,-0.014330344598788014,23083615.0,0.14080995077160172,False,HYXF,ESG,Fixed Income
2025-04-30,46.165413,3900000.0,180045110.70000002,-3.935692048240291e-05,-4616541.299999982,-0.024999016076987846,True,HYXF,ESG,Fixed Income
2025-05-31,46.690899,3650000.0,170421781.35,0.011382677330320945,-11672724.75000003,-0.06483222290578995,True,HYXF,ESG,Fixed Income
2025-06-30,47.304692,3850000.0,182123064.20000002,0.013145880956372258,9460938.400000036,0.055514842792130197,False,HYXF,ESG,Fixed Income
2025-07-31,47.099118,4000000.0,188396472.0,-0.004345742278588416,7064867.699999988,0.03879172432680818,False,HYXF,ESG,Fixed Income
2025-08-31,47.373415,3850000.0,182387647.75,0.005823824556544954,-7106012.25000003,-0.037718393420870584,True,HYXF,ESG,Fixed Income
2025-09-30,47.381402,3950000.0,187156537.9,0.00016859666967228293,4738140.199999988,0.02597840510830311,False,HYXF,ESG,Fixed Income
2025-10-31,47.248261,4000000.0,188993044.0,-0.0028099843900778465,2362413.050000012,0.012622658425442117,False,HYXF,ESG,Fixed Income
2025-11-30,47.280256,4000000.0,189121024.0,0.0006771677797834386,0.0,0.0,False,HYXF,ESG,Fixed Income
2025-12-31,47.116187,4050000.0,190820557.35,-0.003470137725142708,2355809.350000024,0.012456623278435844,False,HYXF,ESG,Fixed Income
2021-05-31,48.654324,12600000.0,613044482.4,0.03691447643722712,-1.1920928955078125e-07,-2.01632738911675e-16,True,LCTD,ESG,US
2021-06-30,47.906187,12600000.0,603617956.2,-0.015376577835096383,0.0,0.0,False,LCTD,ESG,US
2021-07-31,48.063712,12600000.0,605602771.2,0.0032881974096581335,0.0,0.0,False,LCTD,ESG,US
2021-08-31,48.659304,12600000.0,613107230.4,0.012391718725345058,0.0,0.0,False,LCTD,ESG,US
2021-09-30,46.870095,12300000.0,576502168.5,-0.03677013136069518,-14061028.5,-0.02293404449141202,True,LCTD,ESG,US
2021-10-31,48.621422,12225000.0,594396883.95,0.03736555259809071,-3646606.6500000954,-0.006325399710964132,True,LCTD,ESG,US
2021-11-30,46.21083,12225000.0,564927396.75,-0.04957880499669465,0.0,0.0,False,LCTD,ESG,US
2021-12-31,47.653374,12225000.0,582562497.15,0.0312165784514149,0.0,0.0,False,LCTD,ESG,US
2022-01-31,45.91039,12225000.0,561254517.75,-0.036576297829404525,0.0,0.0,False,LCTD,ESG,US
2022-02-28,44.567938,12150000.0,541500446.6999999,-0.02924070128787848,-3342595.350000024,-0.00595557851970631,True,LCTD,ESG,US
2022-03-31,44.730369,12525000.0,560247871.725,0.0036445706776921938,16773888.375,0.030976684280175686,False,LCTD,ESG,US
2022-04-30,41.744896,12525000.0,522854822.4,-0.06674375970383806,5.960464477539063e-08,1.0638977456865345e-16,False,LCTD,ESG,US
2022-05-31,42.520597,12525000.0,532570477.425,0.01858193634019356,0.0,0.0,False,LCTD,ESG,US
2022-06-30,37.926967,12525000.0,475035261.67499995,-0.108033055133257,0.0,0.0,False,LCTD,ESG,US
2022-07-31,39.849538,11100000.0,442329871.8,0.050691398550271716,-56785591.649999976,-0.11953973995482128,True,LCTD,ESG,US
2022-08-31,37.574463,10500000.0,394531861.5,-0.05709162801335366,-22544677.800000012,-0.05096802010738632,True,LCTD,ESG,US
2022-09-30,33.925819,10500000.0,356221099.49999994,-0.09710435515738458,0.0,0.0,False,LCTD,ESG,US
2022-10-31,35.719465,10500000.0,375054382.5,0.05286964479766887,0.0,0.0,False,LCTD,ESG,US
2022-11-30,40.326226,11400000.0,459718976.4,0.12897060468290888,36293603.399999976,0.0967689089728207,False,LCTD,ESG,US
2022-12-31,38.6277,11400000.0,440355779.99999994,-0.04211963698264254,0.0,0.0,False,LCTD,ESG,US
2023-01-31,41.931134,11400000.0,478014927.6,0.08551982126815738,5.960464477539063e-08,1.3535565441060099e-16,False,LCTD,ESG,US
2023-02-28,40.627509,11400000.0,463153602.6,-0.031089667167122137,0.0,0.0,False,LCTD,ESG,US
2023-03-31,41.709923,11400000.0,475493122.20000005,0.026642391488978623,0.0,0.0,False,LCTD,ESG,US
2023-04-30,42.858278,11400000.0,488584369.2,0.027531937663850314,0.0,0.0,False,LCTD,ESG,US
2023-05-31,41.208188,11400000.0,469773343.2,-0.03850108023472154,0.0,0.0,False,LCTD,ESG,US
2023-06-30,42.415492,11400000.0,483536608.8,0.029297672588758372,0.0,0.0,False,LCTD,ESG,US
2023-07-31,43.409546,13275000.0,576261723.15,0.02343610678852892,81392898.75000006,0.16832830703758714,False,LCTD,ESG,US
2023-08-31,41.704472,11400000.0,475430980.8,-0.03927877983335726,-78195885.00000006,-0.13569508759415866,True,LCTD,ESG,US
2023-09-30,40.139597,11400000.0,457591405.8,-0.0375229543728548,0.0,0.0,False,LCTD,ESG,US
2023-10-31,38.54649,12075000.0,465448866.75,-0.039689162798520417,26018880.75,0.05686051009745603,False,LCTD,ESG,US
2023-11-30,42.026899,10050000.0,422370334.95,0.09029120420562298,-85104470.47500008,-0.18284386654380028,True,LCTD,ESG,US
2023-12-31,43.669864,10050000.0,438882133.2,0.03909317696744652,0.0,0.0,False,LCTD,ESG,US
2024-01-31,43.392806,7950000.0,344972807.7,-0.006344375150790449,-91124892.60000002,-0.20762953355058114,True,LCTD,ESG,US
2024-02-29,44.347229,7950000.0,352560470.55,0.021994959256610436,0.0,0.0,False,LCTD,ESG,US
2024-03-31,45.656905,7950000.0,362972394.75,0.029532307418801862,-5.960464477539063e-08,-1.6906218862939008e-16,True,LCTD,ESG,US
2024-04-30,44.457662,6375000.0,283417595.25,-0.02626641030529775,-70020817.64999998,-0.19290948475083716,True,LCTD,ESG,US
2024-05-31,46.581269,6375000.0,296955589.875,0.047766951847355354,0.0,0.0,False,LCTD,ESG,US
2024-06-30,44.762589,6375000.0,285361504.875,-0.039043161318769615,0.0,0.0,False,LCTD,ESG,US
2024-07-31,46.000982,6375000.0,293256260.25,0.027665803691560464,0.0,0.0,False,LCTD,ESG,US
2024-08-31,47.847069,5475000.0,261962702.77499998,0.04013146936732781,-43062362.100000024,-0.1468420897930346,True,LCTD,ESG,US
2024-09-30,48.534337,5475000.0,265725495.07500002,0.014363847449046618,0.0,0.0,False,LCTD,ESG,US
2024-10-31,45.81102,5550000.0,254251161.0,-0.05611114044887444,3435826.5,0.01292998437741268,False,LCTD,ESG,US
2024-11-30,45.70774,5625000.0,257106037.5,-0.002254479380725427,3428080.5,0.013483047575936142,False,LCTD,ESG,US
2024-12-31,43.557276,5700000.0,248276473.20000002,-0.04704813670507446,3266795.700000018,0.01270602484393241,False,LCTD,ESG,US
2025-01-31,45.529512,5700000.0,259518218.39999998,0.04527914004539668,-2.9802322387695312e-08,-1.200368363686556e-16,True,LCTD,ESG,US
2025-02-28,46.597989,4650000.0,216680648.85,0.023467789419750362,-48927888.44999996,-0.18853354015626966,True,LCTD,ESG,US
2025-03-31,46.273883,4650000.0,215173555.95,-0.006955364533005937,0.0,0.0,False,LCTD,ESG,US
2025-04-30,48.108401,4650000.0,223704064.65,0.03964478191726428,0.0,0.0,False,LCTD,ESG,US
2025-05-31,50.408009,4650000.0,234397241.85,0.04780054943002576,-2.9802322387695312e-08,-1.332220871101428e-16,True,LCTD,ESG,US
2025-06-30,50.888194,4650000.0,236630102.1,0.00952596639950598,2.9802322387695312e-08,1.2714450968995186e-16,False,LCTD,ESG,US
2025-07-31,49.769566,4650000.0,231428481.89999998,-0.02198207309145228,0.0,0.0,False,LCTD,ESG,US
2025-08-31,52.081101,4650000.0,242177119.64999998,0.04644474898575557,2.9802322387695312e-08,1.2877551692437262e-16,False,LCTD,ESG,US
2025-09-30,53.456905,4650000.0,248574608.25,0.026416569035282222,0.0,0.0,False,LCTD,ESG,US
2025-10-31,54.05016,4650000.0,251333244.0,0.011097817952610667,0.0,0.0,False,LCTD,ESG,US
2025-11-30,54.315363,4125000.0,224050872.375,0.004906608972110371,-28515565.575000018,-0.11345719778717382,True,LCTD,ESG,US
2025-12-31,54.733856,4125000.0,225777156.0,0.007704873481191754,-2.9802322387695312e-08,-1.3301587301036864e-16,True,LCTD,ESG,US
2020-03-31,39.209252,12450000.0,488155187.4,-0.16944389999134268,0.0,0.0,False,LDEM,ESG,Emerging
2020-04-30,43.052283,12450000.0,536000923.35,0.0980133719459888,0.0,0.0,False,LDEM,ESG,Emerging
2020-05-31,43.688575,12450000.0,543922758.75,0.014779518196514685,0.0,0.0,False,LDEM,ESG,Emerging
2020-06-30,46.708099,12500000.0,583851237.5,0.06911472850739564,2335404.9500000477,0.004293633447820955,False,LDEM,ESG,Emerging
2020-07-31,50.967761,12500000.0,637097012.5,0.09119750302832941,-1.1920928955078125e-07,-2.041775060051684e-16,True,LDEM,ESG,Emerging
2020-08-31,51.819937,12500000.0,647749212.5,0.016719902606669335,0.0,0.0,False,LDEM,ESG,Emerging
2020-09-30,50.760159,12500000.0,634501987.5,-0.020451163419978657,0.0,0.0,False,LDEM,ESG,Emerging
2020-10-31,52.216906,12500000.0,652711325.0,0.02869862956891045,0.0,0.0,False,LDEM,ESG,Emerging
2020-11-30,56.991907,13950000.0,795037102.65,0.09144549851345074,82638265.14999998,0.12660767782756024,False,LDEM,ESG,Emerging
2020-12-31,59.832956,13950000.0,834669736.2,0.049850042743788237,0.0,0.0,False,LDEM,ESG,Emerging
2021-01-31,62.190104,13450000.0,836456898.8,0.03939547964168777,-31095052.00000012,-0.0372543182667273,True,LDEM,ESG,Emerging
2021-02-28,62.183829,13600000.0,845700074.4000001,-0.0001009002975778106,9327574.350000024,0.01115129107474823,False,LDEM,ESG,Emerging
2021-03-31,62.247122,13600000.0,846560859.1999999,0.0010178369685147626,-1.1920928955078125e-07,-1.4095929888070166e-16,True,LDEM,ESG,Emerging
2021-04-30,63.942266,13750000.0,879206157.5,0.027232487953418927,9591339.900000095,0.011329770087721645,False,LDEM,ESG,Emerging
2021-05-31,64.595437,13750000.0,888187258.75,0.010215011773276883,0.0,0.0,False,LDEM,ESG,Emerging
2021-06-30,65.851844,13550000.0,892292486.2,0.01945039864038689,-13170368.799999952,-0.014828369434769211,True,LDEM,ESG,Emerging
2021-07-31,61.721581,13900000.0,857929975.9,-0.06272053672483335,21602553.349999905,0.024210170638103826,False,LDEM,ESG,Emerging
2021-08-31,63.51352,13900000.0,882837928.0,0.029032616646679887,0.0,0.0,False,LDEM,ESG,Emerging
2021-09-30,60.997348,14000000.0,853962872.0,-0.03961632106046076,6099734.799999952,0.0069092351002844,False,LDEM,ESG,Emerging
2021-10-31,61.71775,14000000.0,864048500.0,0.011810382313670376,0.0,0.0,False,LDEM,ESG,Emerging
2021-11-30,58.759713,14000000.0,822635982.0,-0.04792846466373135,1.1920928955078125e-07,1.3796597014031187e-16,False,LDEM,ESG,Emerging
2021-12-31,58.442352,1300000.0,75975057.6,-0.005400996427603388,-742217870.4,-0.9022433818121026,True,LDEM,ESG,Emerging
2022-01-31,58.423686,1300000.0,75950791.8,-0.00031939166308714295,1.4901161193847656e-08,1.961322789947797e-16,False,LDEM,ESG,Emerging
2022-02-28,54.947228,1300000.0,71431396.4,-0.059504256544169354,0.0,0.0,False,LDEM,ESG,Emerging
2022-03-31,53.927452,1300000.0,70105687.60000001,-0.018559189191491132,0.0,0.0,False,LDEM,ESG,Emerging
2022-04-30,50.400506,1300000.0,65520657.8,-0.0654016807617761,-7.450580596923828e-09,-1.0627640712169303e-16,True,LDEM,ESG,Emerging
2022-05-31,50.791629,1300000.0,66029117.7,0.007760299073187982,0.0,0.0,False,LDEM,ESG,Emerging
2022-06-30,47.652589,1300000.0,61948365.699999996,-0.061802309983009285,0.0,0.0,False,LDEM,ESG,Emerging
2022-07-31,46.776607,1300000.0,60809589.1,-0.01838267381442804,7.450580596923828e-09,1.2027081768395754e-16,False,LDEM,ESG,Emerging
2022-08-31,46.452519,1300000.0,60388274.7,-0.0069284204388744275,0.0,0.0,False,LDEM,ESG,Emerging
2022-09-30,41.098378,1300000.0,53427891.4,-0.11526050933857868,0.0,0.0,False,LDEM,ESG,Emerging
2022-10-31,39.977751,1300000.0,51971076.3,-0.02726693982910955,0.0,0.0,False,LDEM,ESG,Emerging
2022-11-30,46.551603,1300000.0,60517083.9,0.16443776439550106,-7.450580596923828e-09,-1.4336013658666192e-16,True,LDEM,ESG,Emerging
2022-12-31,43.782436,1150000.0,50349801.4,-0.059485964425328275,-6567365.399999991,-0.10852085025861584,True,LDEM,ESG,Emerging
2023-01-31,47.577234,1150000.0,54713819.099999994,0.08667398040620666,0.0,0.0,False,LDEM,ESG,Emerging
2023-02-28,43.946393,1000000.0,43946393.0,-0.07631467184494156,-6591958.9499999955,-0.12048069497674667,True,LDEM,ESG,Emerging
2023-03-31,45.219066,1000000.0,45219066.0,0.02895966911323078,0.0,0.0,False,LDEM,ESG,Emerging
2023-04-30,44.605918,1050000.0,46836213.900000006,-0.01355950164914943,2230295.900000006,0.04932202491754266,False,LDEM,ESG,Emerging
2023-05-31,43.255151,1200000.0,51906181.199999996,-0.030282237437642356,6488272.6499999985,0.13853110893747964,False,LDEM,ESG,Emerging
2023-06-30,44.647116,1200000.0,53576539.199999996,0.03218032922830383,7.450580596923828e-09,1.435393709318733e-16,False,LDEM,ESG,Emerging
2023-07-31,47.533696,1200000.0,57040435.199999996,0.06465322418585795,-7.450580596923828e-09,-1.390642379701119e-16,True,LDEM,ESG,Emerging
2023-08-31,44.182141,1200000.0,53018569.2,-0.07050903426487176,7.450580596923828e-09,1.3061928035436568e-16,False,LDEM,ESG,Emerging
2023-09-30,42.776857,1100000.0,47054542.7,-0.031806607108514795,-4277685.6999999955,-0.08068278274095701,True,LDEM,ESG,Emerging
2023-10-31,41.228686,1100000.0,45351554.6,-0.03619178940612666,-7.450580596923828e-09,-1.5833924142936847e-16,True,LDEM,ESG,Emerging
2023-11-30,43.875067,1000000.0,43875067.0,0.06418785696929552,-4387506.6999999955,-0.09674435063357223,True,LDEM,ESG,Emerging
2023-12-31,44.182029,1000000.0,44182029.0,0.006996274216515719,0.0,0.0,False,LDEM,ESG,Emerging
2024-01-31,42.004679,750000.0,31503509.250000004,-0.04928134921101057,-10501169.750000004,-0.2376796626972474,True,LDEM,ESG,Emerging
2024-02-29,43.551942,750000.0,32663956.499999996,0.03683549158892507,-7.450580596923828e-09,-2.3650002092779005e-16,True,LDEM,ESG,Emerging
2024-03-31,44.228253,750000.0,33171189.75,0.015528836808241575,3.725290298461914e-09,1.1404896092308703e-16,False,LDEM,ESG,Emerging
2024-04-30,44.158234,750000.0,33118675.5,-0.0015831283229749138,0.0,0.0,False,LDEM,ESG,Emerging
2024-05-31,44.916169,750000.0,33687126.75,0.017164069559484574,0.0,0.0,False,LDEM,ESG,Emerging
2024-06-30,45.441963,750000.0,34081472.25,0.011706118569462243,0.0,0.0,False,LDEM,ESG,Emerging
2024-07-31,46.047004,750000.0,34535253.0,0.01331458766426974,0.0,0.0,False,LDEM,ESG,Emerging
2024-08-31,47.073964,650000.0,30598076.599999998,0.022302428188378798,-4707396.399999995,-0.13630699042511704,True,LDEM,ESG,Emerging
2024-09-30,50.532146,650000.0,32845894.9,0.0734627319679304,-3.725290298461914e-09,-1.217491657126551e-16,True,LDEM,ESG,Emerging
2024-10-31,48.446463,650000.0,31490200.95,-0.0412743800748141,0.0,0.0,False,LDEM,ESG,Emerging
2024-11-30,47.320738,650000.0,30758479.7,-0.02323647445634991,0.0,0.0,False,LDEM,ESG,Emerging
2024-12-31,45.943443,650000.0,29863237.950000003,-0.029105526629783274,3.725290298461914e-09,1.2111425320094458e-16,False,LDEM,ESG,Emerging
2025-01-31,47.003665,650000.0,30552382.25,0.023076677122347844,3.725290298461914e-09,1.2474502278350274e-16,False,LDEM,ESG,Emerging
2025-02-28,48.243482,550000.0,26533915.1,0.026377028259392254,-4824348.200000003,-0.15790415819375272,True,LDEM,ESG,Emerging
2025-03-31,49.004316,550000.0,26952373.8,0.01577071074596148,0.0,0.0,False,LDEM,ESG,Emerging
2025-04-30,49.564842,550000.0,27260663.099999998,0.01143829861843182,0.0,0.0,False,LDEM,ESG,Emerging
2025-05-31,51.252078,550000.0,28188642.9,0.03404098413145351,0.0,0.0,False,LDEM,ESG,Emerging
2025-06-30,53.704392,550000.0,29537415.599999998,0.0478480892033295,0.0,0.0,False,LDEM,ESG,Emerging
2025-07-31,54.213534,550000.0,29817443.700000003,0.00948045366568917,0.0,0.0,False,LDEM,ESG,Emerging
2025-08-31,55.541275,550000.0,30547701.25,0.024490950912736897,0.0,0.0,False,LDEM,ESG,Emerging
2025-09-30,59.098842,550000.0,32504363.099999998,0.06405267073901344,0.0,0.0,False,LDEM,ESG,Emerging
2025-10-31,59.627501,550000.0,32795125.55,0.008945336018597594,0.0,0.0,False,LDEM,ESG,Emerging
2025-11-30,59.123083,550000.0,32517695.650000002,-0.0084594858335586,3.725290298461914e-09,1.135928049057862e-16,False,LDEM,ESG,Emerging
2025-12-31,58.332812,550000.0,32083046.599999998,-0.013366539089309737,-3.725290298461914e-09,-1.1456194001440302e-16,True,LDEM,ESG,Emerging
2022-03-31,50.500843,12600000.0,636310621.8000001,0.034074605701648775,1.1920928955078125e-07,1.9372818064782116e-16,False,PABU,ESG,Developed exUS
2022-04-30,45.403422,12600000.0,572083117.2,-0.10093734474887883,0.0,0.0,False,PABU,ESG,Developed exUS
2022-05-31,44.885526,12600000.0,565557627.6,-0.011406541119301505,0.0,0.0,False,PABU,ESG,Developed exUS
2022-06-30,41.482062,17400000.0,721787878.8,-0.07582542309964235,199113897.5999999,0.35206650548585033,False,PABU,ESG,Developed exUS
2022-07-31,45.859367,17400000.0,797952985.8,0.10552284020982361,1.1920928955078125e-07,1.65158342294375e-16,False,PABU,ESG,Developed exUS
2022-08-31,43.498946,17400000.0,756881660.4,-0.05147085872336621,1.1920928955078125e-07,1.493938761708701e-16,False,PABU,ESG,Developed exUS
2022-09-30,39.376773,18950000.0,746189848.35,-0.09476489384363462,61033998.149999976,0.08063875945645779,False,PABU,ESG,Developed exUS
2022-10-31,41.863621,18900000.0,791222436.9000001,0.06315520065598057,-2093181.049999833,-0.002805158840780728,True,PABU,ESG,Developed exUS
2022-11-30,44.096496,18900000.0,833423774.4000001,0.05333688168063633,0.0,0.0,False,PABU,ESG,Developed exUS
2022-12-31,41.088727,20650000.0,848482212.55,-0.06820879826823434,71905272.24999988,0.08627696312331148,False,PABU,ESG,Developed exUS
2023-01-31,44.162954,20650000.0,911965000.1,0.07481923204873198,1.1920928955078125e-07,1.4049709915840623e-16,False,PABU,ESG,Developed exUS
2023-02-28,43.238653,20700000.0,895040117.1,-0.020929329138625996,2161932.649999976,0.002370631164313228,False,PABU,ESG,Developed exUS
2023-03-31,44.932116,21250000.0,954807465.0,0.03916548926720731,24712663.799999952,0.02761067725106101,False,PABU,ESG,Developed exUS
2023-04-30,45.443771,27750000.0,1261064645.25,0.011387289216470364,295384511.5000001,0.3093655237603323,False,PABU,ESG,Developed exUS
2023-05-31,46.16979,31450000.0,1452039895.5,0.015976204967673047,170828223.0,0.13546349399568974,False,PABU,ESG,Developed exUS
2023-06-30,49.171497,31300000.0,1539067856.1000001,0.06501452573208599,-7375724.549999952,-0.005079560536083047,True,PABU,ESG,Developed exUS
2023-07-31,50.637782,30800000.0,1559643685.6000001,0.02981981614267304,-25318891.0,-0.016450795785026725,True,PABU,ESG,Developed exUS
2023-08-31,49.908654,30000000.0,1497259620.0,-0.014398892905696403,-39926923.20000005,-0.025600028755696225,True,PABU,ESG,Developed exUS
2023-09-30,46.873736,29900000.0,1401524706.4,-0.06080945400771576,-4687373.599999905,-0.0031306351533075504,True,PABU,ESG,Developed exUS
2023-10-31,45.535691,29700000.0,1352410022.7,-0.02854572974511782,-9107138.200000048,-0.00649802187461463,True,PABU,ESG,Developed exUS
2023-11-30,50.293713,29700000.0,1493723276.1,0.10448994833525194,0.0,0.0,False,PABU,ESG,Developed exUS
2023-12-31,52.703947,29200000.0,1538955252.4,0.047923166857853694,-26351973.5,-0.017641804155856124,True,PABU,ESG,Developed exUS
2024-01-31,53.281054,29600000.0,1577119198.3999999,0.010949976858469324,21312421.599999905,0.013848629819978971,False,PABU,ESG,Developed exUS
2024-02-29,56.11577,32850000.0,1843403044.5,0.053203076650848447,182376252.50000024,0.11563885132146157,False,PABU,ESG,Developed exUS
2024-03-31,56.966381,30850000.0,1757412853.85,0.015158145384087218,-113932762.0,-0.06180567095184702,True,PABU,ESG,Developed exUS
2024-04-30,54.130069,32000000.0,1732162208.0,-0.04978922568382915,62249579.349999905,0.03542114717872268,False,PABU,ESG,Developed exUS
2024-05-31,57.164838,32100000.0,1834991299.8000002,0.05606438447362794,5716483.799999952,0.003300201201480059,False,PABU,ESG,Developed exUS
2024-06-30,59.434251,31200000.0,1854348631.2,0.039699456508562214,-53490825.900000334,-0.029150452051642108,True,PABU,ESG,Developed exUS
2024-07-31,60.369078,33050000.0,1995198027.9,0.01572875882628688,111682794.29999995,0.060227506532968905,False,PABU,ESG,Developed exUS
2024-08-31,62.182158,32800000.0,2039574782.4,0.030033256429723876,-15545539.5,-0.00779147697753195,True,PABU,ESG,Developed exUS
2024-09-30,63.46424,31850000.0,2021336044.0,0.02061816510131398,-60291027.99999976,-0.02956058709897087,True,PABU,ESG,Developed exUS
2024-10-31,62.448644,32300000.0,2017091201.2,-0.016002649681143177,28101889.799999952,0.013902631323186336,False,PABU,ESG,Developed exUS
2024-11-30,66.245034,31700000.0,2099967577.8000002,0.06079219270157421,-39747020.400000095,-0.019705118130679444,True,PABU,ESG,Developed exUS
2024-12-31,64.924017,30000000.0,1947720510.0000002,-0.019941374020579383,-110370828.9000001,-0.05255834902728758,True,PABU,ESG,Developed exUS
2025-01-31,65.83922,29400000.0,1935673068.0,0.01409652455731436,-39503532.0,-0.020281930491146287,True,PABU,ESG,Developed exUS
2025-02-28,64.257714,29800000.0,1914879877.2000003,-0.024020728070593633,25703085.599999905,0.013278629550059899,False,PABU,ESG,Developed exUS
2025-03-31,59.953245,32950000.0,1975459422.75,-0.06698758377865732,188852721.74999976,0.09862379567440353,False,PABU,ESG,Developed exUS
2025-04-30,59.930411,34550000.0,2070595700.05,-0.0003808634545136025,95888657.5999999,0.048539927722997776,False,PABU,ESG,Developed exUS
2025-05-31,64.211739,32800000.0,2106145039.1999998,0.07143832202318778,-112370543.25,-0.054269668988149895,True,PABU,ESG,Developed exUS
2025-06-30,66.937071,32600000.0,2182148514.6,0.042442893502697476,-13387414.200000286,-0.006356359106723901,True,PABU,ESG,Developed exUS
2025-07-31,68.185691,31700000.0,2161486404.7000003,0.01865363962519373,-61367121.89999962,-0.028122339744253638,True,PABU,ESG,Developed exUS
2025-08-31,69.214872,31600000.0,2187189955.2,0.015093797318853852,-6921487.200000286,-0.0032021886350753806,True,PABU,ESG,Developed exUS
2025-09-30,71.862748,31800000.0,2285235386.4,0.03825588234852173,14372549.600000381,0.00657123976169968,False,PABU,ESG,Developed exUS
2025-10-31,73.942917,31050000.0,2295927572.85,0.02894641602071779,-55457187.75000048,-0.02426760415143223,True,PABU,ESG,Developed exUS
2025-11-30,73.266866,31200000.0,2285926219.2,-0.009142877065561272,10990029.900000095,0.0047867493861567505,False,PABU,ESG,Developed exUS
2025-12-31,72.787301,30950000.0,2252766965.95,-0.006545455349489027,-18196825.25,-0.007960372953930376,True,PABU,ESG,Developed exUS
2019-02-28,58.061405,16100000.0,934788620.5,0.043348106073409554,40642983.5,0.04742491391242771,False,SUSA,ESG,US
2019-03-31,59.153905,15900000.0,940547089.5,0.018816285964833313,-11830781.0,-0.012656102931240166,True,SUSA,ESG,US
2019-04-30,61.080172,16400000.0,1001714820.8,0.03256364901015396,30540086.00000012,0.03247055500031944,False,SUSA,ESG,US
2019-05-31,56.789713,17000000.0,965425121.0,-0.07024307331682034,34073827.79999995,0.03401549731767726,False,SUSA,ESG,US
2019-06-30,60.938739,17900000.0,1090803428.1,0.07305946413217468,54844865.100000024,0.05680903045405634,False,SUSA,ESG,US
2019-07-31,62.000962,18300000.0,1134617604.6,0.01743099738246978,24800384.799999952,0.022735888209664084,False,SUSA,ESG,US
2019-08-31,60.560756,18700000.0,1132486137.2,-0.0232287686116871,24224302.400000334,0.021350190850018064,False,SUSA,ESG,US
2019-09-30,61.787148,16700000.0,1031845371.6,0.02025060585439209,-123574296.00000012,-0.10911771185608479,True,SUSA,ESG,US
2019-10-31,62.918008,17100000.0,1075897936.8,0.018302511713277347,25167203.19999993,0.024390479322473638,False,SUSA,ESG,US
2019-11-30,65.269432,17400000.0,1135688116.8,0.037372829731036505,19580829.600000143,0.01819952332861481,False,SUSA,ESG,US
2019-12-31,67.05915,17800000.0,1193652870.0,0.027420462307685023,26823659.99999976,0.023618861202475305,False,SUSA,ESG,US
2020-01-31,67.16835,17700000.0,1188879795.0,0.001628413124830752,-6716835.0,-0.005627125916431634,True,SUSA,ESG,US
2020-02-29,62.104257,19200000.0,1192401734.3999999,-0.07539403603036265,93156385.5,0.07835643762454556,False,SUSA,ESG,US
2020-03-31,54.886232,20400000.0,1119679132.8,-0.11622431937314692,65863478.399999976,0.055235980039178297,False,SUSA,ESG,US
2020-04-30,61.677145,20900000.0,1289052330.5,0.12372707603611777,30838572.5,0.027542330295002887,False,SUSA,ESG,US
2020-05-31,65.233702,21900000.0,1428618073.8,0.05766409907592163,65233702.00000024,0.05060593775482898,False,SUSA,ESG,US
2020-06-30,66.904165,21800000.0,1458510797.0000002,0.02560736166713351,-6690416.5,-0.004683138637749468,True,SUSA,ESG,US
2020-07-31,70.924245,22200000.0,1574518239.0,0.06008714106214463,28369697.99999976,0.019451140202974965,False,SUSA,ESG,US
2020-08-31,76.588182,23500000.0,1799822277.0,0.07985896783250923,99564636.5999999,0.06323498460280454,False,SUSA,ESG,US
2020-09-30,73.548212,23700000.0,1743092624.4,-0.039692416252940954,14709642.400000095,0.008172830499975024,False,SUSA,ESG,US
2020-10-31,72.22706,25000000.0,1805676499.9999998,-0.01796307434367017,93895178.0,0.05386700436089574,False,SUSA,ESG,US
2020-11-30,79.80693,28500000.0,2274497505.0,0.10494501645228249,279324255.0000005,0.15469230230331985,False,SUSA,ESG,US
2020-12-31,82.378485,27900000.0,2298359731.5,0.032222201756163305,-49427091.0,-0.021730993721182385,True,SUSA,ESG,US
2021-01-31,82.015416,29400000.0,2411253230.4,-0.004407327957050899,123023124.0,0.05352648774424457,False,SUSA,ESG,US
2021-02-28,84.070984,33050000.0,2778546021.2,0.025063190559199144,306859091.5999999,0.12726124644697537,False,SUSA,ESG,US
2021-03-31,87.71559,33300000.0,2920929147.0,0.04335153255729729,21928897.499999523,0.007892220367301622,False,SUSA,ESG,US
2021-04-30,92.106355,33200000.0,3057930986.0,0.050056837102731455,-9210635.499999523,-0.003153323835143175,True,SUSA,ESG,US
2021-05-31,93.041971,34000000.0,3163427014.0,0.010157996155639948,74433576.79999971,0.024341156533870745,False,SUSA,ESG,US
2021-06-30,95.511391,34500000.0,3295142989.5,0.02654092527769003,47755695.5,0.015096190077613088,False,SUSA,ESG,US
2021-07-31,98.226106,36150000.0,3550873731.9,0.02842294486110042,162073074.9000001,0.04918544518900918,False,SUSA,ESG,US
2021-08-31,101.44972,39100000.0,3966684052.0,0.03281830188809476,299276674.0,0.08428254469072972,False,SUSA,ESG,US
2021-09-30,95.919831,38400000.0,3683321510.4,-0.054508666953442475,-67143881.70000029,-0.01692695481157527,True,SUSA,ESG,US
2021-10-31,103.302877,39650000.0,4095959073.0499997,0.07697100717368865,129128596.24999952,0.035057649973101714,False,SUSA,ESG,US
2021-11-30,101.877789,45950000.0,4681284404.55,-0.013795240184840019,641830070.6999998,0.1566983603237202,False,SUSA,ESG,US
2021-12-31,106.189763,45400000.0,4821015240.2,0.0423249664360108,-58404369.64999962,-0.012476142144500593,True,SUSA,ESG,US
2022-01-31,98.729593,41700000.0,4117024028.1,-0.07025319380362494,-365299494.0999999,-0.07577231680455038,True,SUSA,ESG,US
2022-02-28,94.413309,42150000.0,3979520974.35,-0.043718239575848306,42485989.049999714,0.010319587342706603,False,SUSA,ESG,US
2022-03-31,96.753122,42200000.0,4082981748.4,0.024782660673401624,4837656.099999428,0.0012156377943929777,False,SUSA,ESG,US
2022-04-30,88.577893,41400000.0,3667124770.2000003,-0.08449576438473994,-70862314.4000001,-0.017355530532990736,True,SUSA,ESG,US
2022-05-31,88.456927,40750000.0,3604619775.2499995,-0.0013656454889936498,-57497002.55000019,-0.01567904179787817,True,SUSA,ESG,US
2022-06-30,80.702614,40200000.0,3244245082.7999997,-0.08766202108739318,-44386437.69999981,-0.01231376413256274,True,SUSA,ESG,US
2022-07-31,88.418778,39750000.0,3514646425.5,0.0956123180842694,-39788450.10000038,-0.012264316993480745,True,SUSA,ESG,US
2022-08-31,84.633259,39550000.0,3347245393.45,-0.042813518639671866,-16926651.799999714,-0.004816032610617922,True,SUSA,ESG,US
2022-09-30,75.904201,39200000.0,2975444679.2,-0.10313980701133107,-26566470.349999905,-0.007936815867156334,True,SUSA,ESG,US
2022-10-31,82.552676,39450000.0,3256703068.2000003,0.08759034299037016,20638169.000000477,0.006936162901724461,False,SUSA,ESG,US
2022-11-30,87.825195,39500000.0,3469095202.4999995,0.06386854134201525,4391259.749999523,0.001348375844539797,False,SUSA,ESG,US
2022-12-31,82.34465,39450000.0,3248496442.5,-0.06240287880943496,-4117232.5,-0.0011868317989753988,True,SUSA,ESG,US
2023-01-31,87.632495,37750000.0,3308126686.25,0.06421601160488266,-148975241.5,-0.045859752084367565,True,SUSA,ESG,US
2023-02-28,85.581265,37500000.0,3209297437.5,-0.023407184743513332,-21395316.249999523,-0.006467502087791159,True,SUSA,ESG,US
2023-03-31,87.836904,37100000.0,3258749138.4,0.026356691502515295,-35134761.60000038,-0.01094780470936028,True,SUSA,ESG,US
2023-04-30,88.34857,36900000.0,3260062233.0,0.005825182545140528,-17669713.999999523,-0.005422238180836192,True,SUSA,ESG,US
2023-05-31,87.991379,36250000.0,3189687488.75,-0.004042974323183679,-57194396.35000038,-0.017543958446881704,True,SUSA,ESG,US
2023-06-30,93.69908,37950000.0,3555880086.0,0.06486659335115097,159288436.0,0.0499385712743988,False,SUSA,ESG,US
2023-07-31,97.060565,41100000.0,3989189221.5,0.035875325563495375,305740779.75,0.08598174639064586,False,SUSA,ESG,US
2023-08-31,95.466838,42300000.0,4038247247.3999996,-0.016419922962533806,114560205.5999999,0.028717666482845707,False,SUSA,ESG,US
2023-09-30,89.936464,42650000.0,3835790189.6,-0.05792979128522091,31477762.400000095,0.0077949071643067065,False,SUSA,ESG,US
2023-10-31,86.799982,51300000.0,4452839076.6,-0.03487441979039785,750819844.3000007,0.19574059246923955,False,SUSA,ESG,US
2023-11-30,95.840757,53500000.0,5127480499.5,0.10415641560847333,210849665.39999962,0.04735173712161085,False,SUSA,ESG,US
2023-12-31,100.522334,53150000.0,5342762052.1,0.0488474543246773,-35182816.89999962,-0.006861618860067908,True,SUSA,ESG,US
2024-01-31,101.267851,34600000.0,3503867644.6,0.007416431456913841,-1878518636.0500007,-0.3516006548170415,True,SUSA,ESG,US
2024-02-29,106.062036,32550000.0,3452319271.8,0.04734162868727232,-217427173.8000002,-0.06205347800025751,True,SUSA,ESG,US
2024-03-31,109.279729,32150000.0,3513343287.35,0.030337839262297273,-43711891.599999905,-0.01266160171136461,True,SUSA,ESG,US
2024-04-30,104.487695,31900000.0,3333157470.5,-0.04385107873025562,-26121923.75,-0.007435061596187748,True,SUSA,ESG,US
2024-05-31,109.157169,31500000.0,3438450823.5,0.04468922393206198,-43662867.599999905,-0.013099551397267208,True,SUSA,ESG,US
2024-06-30,112.297797,31350000.0,3520535935.9500003,0.028771614624780284,-16844669.55000019,-0.004898912450594247,True,SUSA,ESG,US
2024-07-31,114.845721,31050000.0,3565959637.0499997,0.022688993622911324,-34453716.30000019,-0.009786497546630784,True,SUSA,ESG,US
2024-08-31,118.306978,30950000.0,3661600969.1,0.030138319215219145,-11830697.799999714,-0.0033176757462647162,True,SUSA,ESG,US
2024-09-30,120.323041,30900000.0,3717981966.9,0.017040947491702596,-6016152.050000191,-0.0016430386873856782,True,SUSA,ESG,US
2024-10-31,118.139661,30900000.0,3650515524.9,-0.018145984192670106,0.0,0.0,False,SUSA,ESG,US
2024-11-30,125.638777,30700000.0,3857110453.9,0.0634767015287101,-25127755.39999962,-0.0068833443464640385,True,SUSA,ESG,US
2024-12-31,121.582332,30650000.0,3726498475.7999997,-0.03228656866024737,-6079116.599999905,-0.0015760805070679765,True,SUSA,ESG,US
2025-01-31,124.508296,30700000.0,3822404687.2,0.024065700598669304,6225414.799999714,0.0016705802619879646,False,SUSA,ESG,US
2025-02-28,122.244327,31250000.0,3820135218.75,-0.018183278325486052,67234379.85000038,0.017589550388305727,False,SUSA,ESG,US
2025-03-31,114.79945,29850000.0,3426763582.5,-0.06090161549991602,-160719230.0,-0.04207160762560376,True,SUSA,ESG,US
2025-04-30,114.874149,28600000.0,3285400661.4,0.0006506912707335832,-143592686.25000048,-0.04190329527934408,True,SUSA,ESG,US
2025-05-31,122.12529,28300000.0,3456145707.0,0.06312247849601049,-36637587.00000048,-0.011151634389818437,True,SUSA,ESG,US
2025-06-30,126.85034,28200000.0,3577179588.0,0.03869018448185457,-12685033.999999523,-0.0036702833373915746,True,SUSA,ESG,US
2025-07-31,128.516735,27550000.0,3540636049.2500005,0.013136701092011371,-83535877.75,-0.023352441691837138,True,SUSA,ESG,US
2025-08-31,131.670526,27200000.0,3581438307.2,0.024539924703191218,-46084684.099999905,-0.013015933707663019,True,SUSA,ESG,US
2025-09-30,135.72941,26900000.0,3651121129.0,0.03082606353376316,-40718823.0,-0.01136940511250474,True,SUSA,ESG,US
2025-10-31,139.463813,26450000.0,3688817853.85,0.02751358751209465,-62758715.84999943,-0.017188889010425222,True,SUSA,ESG,US
2025-11-30,139.768473,26550000.0,3710852958.15,0.002184509325010353,13976847.30000019,0.0037889773509452705,False,SUSA,ESG,US
2025-12-31,139.336114,27000000.0,3762075078.0000005,-0.00309339431647071,62701251.30000019,0.01689672213022936,False,SUSA,ESG,US
2019-02-28,24.720455,2850000.0,70453296.75,0.0013288831726701034,6180113.749999993,0.09628162338198738,False,SUSB,ESG,Fixed Income
2019-03-31,24.926797,3100000.0,77273070.7,0.00834701464839549,6231699.25,0.08845149251301715,False,SUSB,ESG,Fixed Income
2019-04-30,24.963158,3450000.0,86122895.1,0.0014587112816781822,8737105.299999982,0.1130679190156731,False,SUSB,ESG,Fixed Income
2019-05-31,25.087182,3750000.0,94076932.5,0.004968281657312668,7526154.600000009,0.08738854623107079,False,SUSB,ESG,Fixed Income
2019-06-30,25.270098,4000000.0,101080392.0,0.0072912134969962406,6317524.5,0.06715274756646641,False,SUSB,ESG,Fixed Income
2019-07-31,25.229412,4350000.0,109747942.2,-0.0016100452004579324,8830294.200000003,0.08735912104495996,False,SUSB,ESG,Fixed Income
2019-08-31,25.43583,4850000.0,123363775.5,0.008181641331950207,12717915.0,0.1158829472795345,False,SUSB,ESG,Fixed Income
2019-09-30,25.379115,5100000.0,129433486.5,-0.002229728693736388,6344778.75,0.05143145728382802,False,SUSB,ESG,Fixed Income
2019-10-31,25.448315,5450000.0,138693316.75,0.0027266514218482474,8906910.25,0.06881457411718567,False,SUSB,ESG,Fixed Income
2019-11-30,25.398231,5800000.0,147309739.79999998,-0.001968067433934295,8889380.849999994,0.06409379383451794,False,SUSB,ESG,Fixed Income
2019-12-31,25.377759,6450000.0,163686545.55,-0.0008060403891908541,16495543.350000024,0.11197863340465981,False,SUSB,ESG,Fixed Income
2020-01-31,25.600997,9450000.0,241929421.65,0.008796600204139304,76802991.0,0.46920772102518105,False,SUSB,ESG,Fixed Income
2020-02-29,25.737637,10550000.0,271532070.34999996,0.005337292137489902,28311400.69999993,0.1170233885027763,False,SUSB,ESG,Fixed Income
2020-03-31,24.771309,9800000.0,242758828.2,-0.03754532710209568,-18578481.74999997,-0.06842094831027747,True,SUSB,ESG,Fixed Income
2020-04-30,25.39707,10550000.0,267939088.5,0.025261523321193913,19047802.5,0.0784638920909077,False,SUSB,ESG,Fixed Income
2020-05-31,25.710005,11300000.0,290523056.5,0.012321696951656191,19282503.75,0.07196599741362485,False,SUSB,ESG,Fixed Income
2020-06-30,25.921676,11800000.0,305875776.8,0.00823302056922981,12960838.0,0.04461208055616061,False,SUSB,ESG,Fixed Income
2020-07-31,26.08232,13050000.0,340374276.0,0.006197284465711217,32602900.0,0.10658869538831686,False,SUSB,ESG,Fixed Income
2020-08-31,26.096503,14200000.0,370570342.59999996,0.0005437783141990504,30010978.449999988,0.0881705245257723,False,SUSB,ESG,Fixed Income
2020-09-30,26.024952,15500000.0,403386756.0,-0.002741784981688866,33832437.600000024,0.09129828729040883,False,SUSB,ESG,Fixed Income
2020-10-31,26.024713,17100000.0,445022592.29999995,-9.183494363407263e-06,41639540.79999995,0.10322485847800107,False,SUSB,ESG,Fixed Income
2020-11-30,26.121467,18050000.0,471492479.34999996,0.0037177739481699668,24815393.650000036,0.05576209855267619,False,SUSB,ESG,Fixed Income
2020-12-31,26.144434,19550000.0,511123684.7,0.0008792385205624864,39216651.0,0.08317555998785837,False,SUSB,ESG,Fixed Income
2021-01-31,26.133088,22850000.0,597141060.8000001,-0.0004339738240268787,86239190.40000004,0.16872470007062468,False,SUSB,ESG,Fixed Income
2021-02-28,26.039857,24750000.0,644486460.75,-0.003567546246352471,49475728.29999995,0.08285433969942793,False,SUSB,ESG,Fixed Income
2021-03-31,25.938697,28000000.0,726283516.0,-0.0038848139603838705,84300765.25,0.13080300422742433,False,SUSB,ESG,Fixed Income
2021-04-30,26.019254,29150000.0,758461254.1,0.003105668723452082,29922142.100000024,0.04119898282257039,False,SUSB,ESG,Fixed Income
2021-05-31,26.083793,36050000.0,940320737.65,0.0024804323751941304,179978171.69999993,0.2372938244730304,False,SUSB,ESG,Fixed Income
2021-06-30,26.019206,40200000.0,1045972081.2,-0.0024761352767981304,107979704.9000001,0.11483284434400254,False,SUSB,ESG,Fixed Income
2021-07-31,26.085882,38100000.0,993872104.2,0.0025625685887571414,-54780352.20000005,-0.05237267149344258,True,SUSB,ESG,Fixed Income
2021-08-31,26.042928,38300000.0,997444142.4,-0.001646637825012065,5208585.600000024,0.005240700063910722,False,SUSB,ESG,Fixed Income
2021-09-30,25.967273,39850000.0,1034795829.05,-0.0029050112951969354,40249273.149999976,0.040352408159071644,False,SUSB,ESG,Fixed Income
2021-10-31,25.807936,40900000.0,1055544582.4000001,-0.006136069813722722,27098332.80000007,0.026187129904531842,False,SUSB,ESG,Fixed Income
2021-11-30,25.726982,41650000.0,1071528800.3,-0.0031367870720077073,19295236.5,0.01827988776762822,False,SUSB,ESG,Fixed Income
2021-12-31,25.641719,41400000.0,1061567166.5999999,-0.00331414699166821,-6410429.75,-0.005982508121298511,True,SUSB,ESG,Fixed Income
2022-01-31,25.334555,41150000.0,1042516938.2500001,-0.011979072073911912,-6333638.749999881,-0.0059663099512443805,True,SUSB,ESG,Fixed Income
2022-02-28,25.111855,41100000.0,1032097240.4999999,-0.008790365569871006,-1255592.7500001192,-0.0012043859470598094,True,SUSB,ESG,Fixed Income
2022-03-31,24.623252,41200000.0,1014477982.4,-0.019457065198887014,2462325.1999999285,0.002385749233092663,False,SUSB,ESG,Fixed Income
2022-04-30,24.257944,39800000.0,965466171.1999999,-0.014835895762265738,-33961121.600000024,-0.033476450144000705,True,SUSB,ESG,Fixed Income
2022-05-31,24.418074,39350000.0,960851211.9,0.0066011365184124315,-10988133.300000072,-0.011381168628977098,True,SUSB,ESG,Fixed Income
2022-06-30,24.063509,39350000.0,946899079.15,-0.014520596505686822,1.1920928955078125e-07,1.2406633625934157e-16,False,SUSB,ESG,Fixed Income
2022-07-31,24.372294,38400000.0,935896089.6,0.012832085295623408,-23153679.30000007,-0.02445210879366824,True,SUSB,ESG,Fixed Income
2022-08-31,24.032657,38850000.0,933668724.45,-0.013935372681783686,10814695.650000095,0.01155544485138545,False,SUSB,ESG,Fixed Income
2022-09-30,23.479039,39250000.0,921552280.75,-0.023036071292491744,9391615.600000024,0.0100588306688032,False,SUSB,ESG,Fixed Income
2022-10-31,23.356493,39200000.0,915574525.6,-0.005219378868104418,-1167824.6499999762,-0.0012672364600406054,True,SUSB,ESG,Fixed Income
2022-11-30,23.809978,40000000.0,952399120.0,0.019415800137460693,19047982.399999976,0.020804404084437948,False,SUSB,ESG,Fixed Income
2022-12-31,23.731031,40150000.0,952800894.6500001,-0.0033157107495017657,3559654.6500000954,0.0037375660846894684,False,SUSB,ESG,Fixed Income
2023-01-31,24.112824,38300000.0,923521159.2,0.01608834441284901,-44608724.39999986,-0.046818516492248184,True,SUSB,ESG,Fixed Income
2023-02-28,23.776487,38000000.0,903506506.0,-0.013948469909621508,-7132946.100000024,-0.007723641227861997,True,SUSB,ESG,Fixed Income
2023-03-31,24.036188,38500000.0,925393238.0,0.010922597606618734,12018094.0,0.013301613126402878,False,SUSB,ESG,Fixed Income
2023-04-30,24.14332,38000000.0,917446160.0,0.004457112750158254,-12071660.0,-0.013044897568183873,True,SUSB,ESG,Fixed Income
2023-05-31,23.991384,37200000.0,892479484.8,-0.006293086452070384,-19193107.200000048,-0.020920145548377518,True,SUSB,ESG,Fixed Income
2023-06-30,23.877398,36750000.0,877494376.5,-0.004751122319579415,-10744829.099999905,-0.0120393009396824,True,SUSB,ESG,Fixed Income
2023-07-31,23.980916,36250000.0,869308205.0,0.004335397014364917,-11990458.00000012,-0.013664427170263602,True,SUSB,ESG,Fixed Income
2023-08-31,23.950646,35750000.0,856235594.5,-0.001262253702068783,-11975323.0,-0.013775693052385258,True,SUSB,ESG,Fixed Income
2023-09-30,23.76163,35700000.0,848290191.0,-0.007891895692500261,-1188081.5,-0.0013875637822482513,True,SUSB,ESG,Fixed Income
2023-10-31,23.68361,35600000.0,843136516.0,-0.003283444780513789,-2368361.0,-0.002791923123864107,True,SUSB,ESG,Fixed Income
2023-11-30,24.160331,35350000.0,854067700.85,0.02012873037514118,-6040082.749999881,-0.007163825353757873,True,SUSB,ESG,Fixed Income
2023-12-31,24.459242,35450000.0,867080128.9,0.01237197453958716,2445924.2000000477,0.002863852827551929,False,SUSB,ESG,Fixed Income
2024-01-31,24.560822,35400000.0,869453098.8000001,0.004153031398111295,-1228041.1000000238,-0.0014162948256673212,True,SUSB,ESG,Fixed Income
2024-02-29,24.377063,35500000.0,865385736.5,-0.007481793565378259,2437706.2999999523,0.002803723746990402,False,SUSB,ESG,Fixed Income
2024-03-31,24.463218,35100000.0,858658951.8000001,0.0035342649768761447,-9785287.200000048,-0.011307428337767673,True,SUSB,ESG,Fixed Income
2024-04-30,24.237623,35150000.0,851952448.4499999,-0.009221803934380213,1211881.149999857,0.0014113649516602604,False,SUSB,ESG,Fixed Income
2024-05-31,24.413387,35000000.0,854468545.0,0.007251701208488948,-3662008.0499999523,-0.004298371413407436,True,SUSB,ESG,Fixed Income
2024-06-30,24.468032,35650000.0,872285340.8000001,0.002238321130943577,15904220.799999952,0.01861299739243175,False,SUSB,ESG,Fixed Income
2024-07-31,24.77717,35900000.0,889500403.0000001,0.012634363074234933,6194292.500000119,0.0071012227424562015,False,SUSB,ESG,Fixed Income
2024-08-31,24.965585,35650000.0,890023105.25,0.007604379354058555,-6241396.250000119,-0.007016743588816697,True,SUSB,ESG,Fixed Income
2024-09-30,25.139802,37750000.0,949027525.5,0.006978286308932935,52793584.19999993,0.059317094004172684,False,SUSB,ESG,Fixed Income
2024-10-31,24.827484,38000000.0,943444391.9999999,-0.012423248202193538,6206870.999999881,0.006540243389389321,False,SUSB,ESG,Fixed Income
2024-11-30,24.904942,39800000.0,991216691.5999999,0.003119848954489246,44828895.600000024,0.047516203371528475,False,SUSB,ESG,Fixed Income
2024-12-31,24.689222,40200000.0,992506724.4,-0.008661734687035128,9875688.799999952,0.009963198646361408,False,SUSB,ESG,Fixed Income
2025-01-31,24.825942,40500000.0,1005450651.0,0.005537639055616994,7447782.600000143,0.0075040122317584805,False,SUSB,ESG,Fixed Income
2025-02-28,24.975313,39300000.0,981529800.9,0.006016730402415238,-29970375.599999905,-0.029807903123034434,True,SUSB,ESG,Fixed Income
2025-03-31,24.985957,39200000.0,979449514.4,0.00042618084506074183,-2498595.6999998093,-0.002545613691717518,True,SUSB,ESG,Fixed Income
2025-04-30,25.067961,38850000.0,973890284.85,0.0032820035670437786,-8773786.350000024,-0.008957875031848628,True,SUSB,ESG,Fixed Income
2025-05-31,25.022121,39200000.0,980867143.1999999,-0.0018286289818306711,8757742.349999905,0.008992534874037464,False,SUSB,ESG,Fixed Income
2025-06-30,25.159563,39300000.0,988770825.9,0.005492819733387222,2515956.2999999523,0.002565032703401449,False,SUSB,ESG,Fixed Income
2025-07-31,25.096227,39500000.0,991300966.5,-0.0025173728176439703,5019245.400000095,0.005076247466576972,False,SUSB,ESG,Fixed Income
2025-08-31,25.271392,40300000.0,1018437097.5999999,0.006979734443747221,20217113.599999905,0.020394526267215038,False,SUSB,ESG,Fixed Income
2025-09-30,25.28434,40800000.0,1031601072.0,0.0005123580054475774,12642169.99999988,0.012413304689893772,False,SUSB,ESG,Fixed Income
2025-10-31,25.280909,41350000.0,1045365587.1500001,-0.000135696640687466,13904499.950000048,0.013478562912931955,False,SUSB,ESG,Fixed Income
2025-11-30,25.324592,41450000.0,1049704338.4,0.0017279046414033772,2532459.2000000477,0.0024225584150941288,False,SUSB,ESG,Fixed Income
2025-12-31,25.207401,42200000.0,1063752322.2,-0.004627557277131933,18905550.75,0.0180103578297262,False,SUSB,ESG,Fixed Income
2019-02-28,24.30854,1050000.0,25523967.0,-0.0004362405937805569,3646281.0,0.16659395990103656,False,SUSC,ESG,Fixed Income
2019-03-31,24.843638,1250000.0,31054547.5,0.02201275765636268,4968727.6000000015,0.1946690966964501,False,SUSC,ESG,Fixed Income
2019-04-30,24.920848,1250000.0,31151060.0,0.0031078379100517584,-3.725290298461914e-09,-1.1995957430910606e-16,True,SUSC,ESG,Fixed Income
2019-05-31,25.212093,1350000.0,34036325.55,0.01168680134801181,2521209.3000000007,0.08093494410784098,False,SUSC,ESG,Fixed Income
2019-06-30,25.745842,1600000.0,41193347.2,0.021170356622117747,6436460.500000007,0.18910562159668873,False,SUSC,ESG,Fixed Income
2019-07-31,25.826179,1650000.0,42613195.35,0.0031203873619669587,1291308.950000003,0.03134751210506154,False,SUSC,ESG,Fixed Income
2019-08-31,26.55264,1750000.0,46467120.0,0.028128861028958285,2655264.0,0.0623108400623611,False,SUSC,ESG,Fixed Income
2019-09-30,26.319437,2300000.0,60534705.1,-0.00878266718488252,14475690.350000001,0.3115254474561798,False,SUSC,ESG,Fixed Income
2019-10-31,26.414036,2450000.0,64714388.199999996,0.0035942638134698335,3962105.3999999985,0.06545179981392192,False,SUSC,ESG,Fixed Income
2019-11-30,26.415631,2650000.0,70001422.15,6.038456220780475e-05,5283126.20000001,0.08163758241324162,False,SUSC,ESG,Fixed Income
2019-12-31,26.378567,3400000.0,89687127.8,-0.0014031086367007894,19783925.25,0.2826217617065941,False,SUSC,ESG,Fixed Income
2020-01-31,26.996845,4700000.0,126885171.5,0.02343865002219414,35095898.5,0.39131477794966246,False,SUSC,ESG,Fixed Income
2020-02-29,27.296948,4650000.0,126930808.2,0.011116224877388392,-1364847.399999991,-0.010756555583801935,True,SUSC,ESG,Fixed Income
2020-03-31,25.327499,4200000.0,106375495.8,-0.0721490549053323,-11397374.549999997,-0.08979202694464523,True,SUSC,ESG,Fixed Income
2020-04-30,26.618656,6450000.0,171690331.20000002,0.05097846415866014,59891976.000000015,0.5630241772278538,False,SUSC,ESG,Fixed Income
2020-05-31,26.947747,6950000.0,187286841.65,0.01236317115334451,13473873.49999997,0.07847776520568543,False,SUSC,ESG,Fixed Income
2020-06-30,27.417738,7900000.0,216600130.2,0.01744082724244067,26046851.099999994,0.13907464545040552,False,SUSC,ESG,Fixed Income
2020-07-31,28.250615,16100000.0,454834901.5,0.030377305378000097,231655043.00000003,1.0695055574809624,False,SUSC,ESG,Fixed Income
2020-08-31,27.788864,18050000.0,501588995.2,-0.01634481231647522,54188284.80000001,0.11913836124117227,False,SUSC,ESG,Fixed Income
2020-09-30,27.668411,20350000.0,563052163.85,-0.004334578052560989,63637345.30000007,0.1268714942093691,False,SUSC,ESG,Fixed Income
2020-10-31,27.564009,22400000.0,617433801.6,-0.003773328363526174,56506218.45000005,0.10035698657763012,False,SUSC,ESG,Fixed Income
2020-11-30,28.26654,23950000.0,676983633.0,0.02548725767721227,43813137.0,0.07096005577677139,False,SUSC,ESG,Fixed Income
2020-12-31,28.295156,25550000.0,722941235.8,0.0010123630270983952,45272249.600000024,0.06687347727947217,False,SUSC,ESG,Fixed Income
2021-01-31,27.935138,28350000.0,791961162.3,-0.012723661958251808,78218386.39999998,0.10819466718265731,False,SUSC,ESG,Fixed Income
2021-02-28,27.406836,30050000.0,823575421.8,-0.018911737611605806,46591621.19999993,0.05883068945538863,False,SUSC,ESG,Fixed Income
2021-03-31,26.895906,30950000.0,832428290.7,-0.018642429209997036,24206315.400000095,0.029391740888885395,False,SUSC,ESG,Fixed Income
2021-04-30,27.149235,32250000.0,875562828.75,0.00941886843298767,35294005.49999988,0.042398853924487216,False,SUSC,ESG,Fixed Income
2021-05-31,27.298744,28700000.0,783473952.8,0.005506932331610814,-96910541.20000005,-0.1106837088303014,True,SUSC,ESG,Fixed Income
2021-06-30,27.70503,27500000.0,761888325.0,0.014882955787270058,-33246036.00000012,-0.04243413055556545,True,SUSC,ESG,Fixed Income
2021-07-31,28.038096,28700000.0,804693355.1999999,0.01202186029035146,33645715.20000005,0.04416095390357904,False,SUSC,ESG,Fixed Income
2021-08-31,27.897759,29000000.0,809035011.0,-0.005005225747140574,8369327.700000048,0.010400642239576988,False,SUSC,ESG,Fixed Income
2021-09-30,27.550356,29900000.0,823755644.4,-0.012452720664767325,24795320.399999976,0.03064801901385202,False,SUSC,ESG,Fixed Income
2021-10-31,27.569947,31000000.0,854668357.0,0.0007110978892612696,30326941.700000167,0.036815458450775704,False,SUSC,ESG,Fixed Income
2021-11-30,27.5474,32300000.0,889781020.0,-0.0008178107850551619,35811620.0,0.041901188579981555,False,SUSC,ESG,Fixed Income
2021-12-31,27.316733,33200000.0,906915535.6,-0.008373458112199361,24585059.700000048,0.027630460919474374,False,SUSC,ESG,Fixed Income
2022-01-31,26.429007,34350000.0,907836390.4499999,-0.032497517181135804,30393358.049999833,0.033512887206074926,False,SUSC,ESG,Fixed Income
2022-02-28,25.842535,34750000.0,898028091.25,-0.02219046670955127,10337014.0,0.011386428335259956,False,SUSC,ESG,Fixed Income
2022-03-31,25.147554,34700000.0,872620123.8,-0.02689291124109927,-1257377.7000000477,-0.0014001540845452341,True,SUSC,ESG,Fixed Income
2022-04-30,23.720582,37250000.0,883591679.5,-0.05674396802170101,60487484.100000024,0.06931708592347734,False,SUSC,ESG,Fixed Income
2022-05-31,23.867275,38650000.0,922470178.75,0.006184207453257207,33414185.0,0.03781631920629692,False,SUSC,ESG,Fixed Income
2022-06-30,23.136511,39950000.0,924303614.4499999,-0.03061782293956894,30077464.299999952,0.032605351362964,False,SUSC,ESG,Fixed Income
2022-07-31,23.823574,42000000.0,1000590108.0,0.029696050541069052,48838326.70000005,0.05283797005279584,False,SUSC,ESG,Fixed Income
2022-08-31,23.074002,42650000.0,984106185.3,-0.03146345716222099,14998101.300000072,0.014989256020108557,False,SUSC,ESG,Fixed Income
2022-09-30,21.788892,43000000.0,936922356.0,-0.05569514989207336,7626112.200000048,0.00774927778517647,False,SUSC,ESG,Fixed Income
2022-10-31,21.502364,37150000.0,798812822.6,-0.01315018680160518,-125788829.39999998,-0.13425747458629322,True,SUSC,ESG,Fixed Income
2022-11-30,22.564426,36250000.0,817960442.5,0.04939280164729798,-20307983.400000095,-0.025422705827256326,True,SUSC,ESG,Fixed Income
2022-12-31,22.280831,36250000.0,807680123.75,-0.012568234618509755,0.0,0.0,False,SUSC,ESG,Fixed Income
2023-01-31,23.223581,48150000.0,1118215425.1499999,0.04231215613098094,276360613.89999986,0.3421659215988598,False,SUSC,ESG,Fixed Income
2023-02-28,22.417586,50850000.0,1139934248.1,-0.03470588795069973,60527482.20000005,0.054128641797157075,False,SUSC,ESG,Fixed Income
2023-03-31,22.963356,43050000.0,988572475.8000001,0.024345618658494272,-179114176.79999983,-0.1571267615641347,True,SUSC,ESG,Fixed Income
2023-04-30,23.055163,43650000.0,1006357864.95,0.003997978344280284,13833097.800000072,0.013993003182498753,False,SUSC,ESG,Fixed Income
2023-05-31,22.651979,43950000.0,995554477.0500001,-0.017487796551253987,6795593.6999999285,0.00675266119208753,False,SUSC,ESG,Fixed Income
2023-06-30,22.669092,45050000.0,1021242594.5999999,0.0007554748306979331,24936001.19999993,0.025047349768231277,False,SUSC,ESG,Fixed Income
2023-07-31,22.672225,48250000.0,1093934856.25,0.0001382058002148412,72551119.99999988,0.07104200351965997,False,SUSC,ESG,Fixed Income
2023-08-31,22.418822,48750000.0,1092917572.5,-0.011176803335358643,11209411.0,0.010246872504296803,False,SUSC,ESG,Fixed Income
2023-09-30,21.735571,49500000.0,1075910764.5,-0.030476668221015246,16301678.24999988,0.014915743565830425,False,SUSC,ESG,Fixed Income
2023-10-31,21.254476,50300000.0,1069100142.8000001,-0.02213399408738792,17003580.80000007,0.015803895045052384,False,SUSC,ESG,Fixed Income
2023-11-30,22.449759,50350000.0,1130345365.65,0.05623676631689256,1122487.9500000477,0.0010499371434562002,False,SUSC,ESG,Fixed Income
2023-12-31,23.230889,51750000.0,1202198505.75,0.034794582872805124,32523244.599999666,0.028772838451279287,False,SUSC,ESG,Fixed Income
2024-01-31,23.212279,44550000.0,1034107029.4499999,-0.0008010885851162941,-167128408.79999983,-0.13901897897946197,True,SUSC,ESG,Fixed Income
2024-02-29,22.777809,44800000.0,1020445843.2,-0.018717248745803827,5694452.25,0.005506637212425343,False,SUSC,ESG,Fixed Income
2024-03-31,22.972591,47000000.0,1079711777.0,0.00855139315638298,50539700.20000005,0.049527077342500996,False,SUSC,ESG,Fixed Income
2024-04-30,22.319038,47950000.0,1070197872.0999999,-0.028449250674423388,21203086.100000024,0.019637727911899976,False,SUSC,ESG,Fixed Income
2024-05-31,22.65247,47600000.0,1078257572.0,0.01493935356891285,-7928364.5,-0.007408316449408123,True,SUSC,ESG,Fixed Income
2024-06-30,22.702745,48000000.0,1089731760.0,0.0022194047713117726,9081098.000000238,0.008422011804801162,False,SUSC,ESG,Fixed Income
2024-07-31,23.164765,48550000.0,1124649340.75,0.02035084303682222,12740620.75,0.011691520076463588,False,SUSC,ESG,Fixed Income
2024-08-31,23.442431,48650000.0,1140474268.1499999,0.011986566667091081,2344243.0999999046,0.0020844213525582902,False,SUSC,ESG,Fixed Income
2024-09-30,23.771456,49100000.0,1167178489.6000001,0.014035447091643505,10697155.200000048,0.009379567342060465,False,SUSC,ESG,Fixed Income
2024-10-31,23.106283,49850000.0,1151848207.55,-0.027982004972686547,17329712.24999976,0.014847525382290732,False,SUSC,ESG,Fixed Income
2024-11-30,23.352896,49100000.0,1146627193.6000001,0.010672984486513881,-17514671.99999976,-0.015205711903006522,True,SUSC,ESG,Fixed Income
2024-12-31,22.70751,49050000.0,1113803365.5,-0.027636229784948396,-1135375.5,-0.0009901871387118651,True,SUSC,ESG,Fixed Income
2025-01-31,22.819637,48500000.0,1106752394.5,0.00493788178448451,-12550800.349999905,-0.011268416615320333,True,SUSC,ESG,Fixed Income
2025-02-28,23.201068,48900000.0,1134532225.2,0.01671503363528526,9280427.200000048,0.008385278627919922,False,SUSC,ESG,Fixed Income
2025-03-31,23.049043,49050000.0,1130555559.15,-0.006552500083185753,3457356.4500000477,0.003047384969070024,False,SUSC,ESG,Fixed Income
2025-04-30,22.951073,48750000.0,1118864808.75,-0.004250501853808042,-6885321.900000095,-0.006090210997836121,True,SUSC,ESG,Fixed Income
2025-05-31,22.864276,50050000.0,1144357013.8,-0.003781827542442162,29723558.799999952,0.026565817932201502,False,SUSC,ESG,Fixed Income
2025-06-30,23.207416,50400000.0,1169653766.3999999,0.01500769147468306,8122595.599999905,0.00709795588443826,False,SUSC,ESG,Fixed Income
2025-07-31,23.144316,51000000.0,1180360116.0,-0.0027189584570724845,13886589.600000143,0.011872393351701642,False,SUSC,ESG,Fixed Income
2025-08-31,23.288601,51350000.0,1195869661.35,0.006234144055067281,8151010.349999905,0.006905528439593519,False,SUSC,ESG,Fixed Income
2025-09-30,23.548209,53700000.0,1264538823.3,0.011147427876839755,55338291.150000095,0.04627451714723618,False,SUSC,ESG,Fixed Income
2025-10-31,23.556161,54450000.0,1282632966.45,0.0003376902251885916,17667120.75000024,0.01397119679085478,False,SUSC,ESG,Fixed Income
2025-11-30,23.621044,55450000.0,1309786889.8,0.0027543961853546683,23621044.0,0.018416058699455548,False,SUSC,ESG,Fixed Income
2025-12-31,23.370373,56000000.0,1308740888.0,-0.01061218970677169,12853705.150000095,0.009813585133656983,False,SUSC,ESG,Fixed Income
2019-06-30,50.353569,27950000.0,1407382253.55,0.06257617271237392,239179452.75,0.21755331122343866,False,SUSL,ESG,US
2019-07-31,51.299587,27900000.0,1431258477.3,0.01878750640297211,-2564979.3499999046,-0.001822517900541922,True,SUSL,ESG,US
2019-08-31,50.773914,27950000.0,1419130896.3,-0.010247119533340565,2538695.7000000477,0.001773750681839925,False,SUSL,ESG,US
2019-09-30,51.42281,30900000.0,1588964829.0,0.012780105941803122,151697289.5,0.10689450134269479,False,SUSL,ESG,US
2019-10-31,52.366771,30900000.0,1618133223.9,0.018356853699749154,2.384185791015625e-07,1.5004647978999572e-16,False,SUSL,ESG,US
2019-11-30,54.271605,31200000.0,1693274076.0,0.03637486069171625,16281481.499999762,0.010061891851375737,False,SUSL,ESG,US
2019-12-31,55.571374,33050000.0,1836633910.7,0.023949337779857416,102807041.9000001,0.06071494470810058,False,SUSL,ESG,US
2020-01-31,56.036985,33200000.0,1860427902.0,0.008378612340951053,8405547.749999762,0.00457660489716001,False,SUSL,ESG,US
2020-02-29,51.79328,34650000.0,1794637152.0,-0.07573043053618955,75100255.99999976,0.04036719505188316,False,SUSL,ESG,US
2020-03-31,45.090859,35100000.0,1582689150.9,-0.12940715475057774,20290886.55000019,0.011306400587654942,False,SUSL,ESG,US
2020-04-30,50.695947,36450000.0,1847867268.1499999,0.12430652518728902,68439528.44999981,0.04324255866104946,False,SUSL,ESG,US
2020-05-31,53.375536,42500000.0,2268460280.0,0.05285607940216597,322921992.8000002,0.17475388972244468,False,SUSL,ESG,US
2020-06-30,54.073153,42450000.0,2295405344.85,0.01306997647761321,-2703657.6500000954,-0.0011918470311501753,True,SUSL,ESG,US
2020-07-31,56.299262,42300000.0,2381458782.6,0.04116847042376093,-8444889.30000019,-0.0036790405315328075,True,SUSL,ESG,US
2020-08-31,60.548511,42350000.0,2564229440.85,0.07547610481998857,3027425.5500001907,0.0012712483508511305,False,SUSL,ESG,US
2020-09-30,58.21541,43500000.0,2532370335.0,-0.038532755991307566,66947721.5,0.026108319494923173,False,SUSL,ESG,US
2020-10-31,56.599929,43500000.0,2462096911.5,-0.0277500579313964,-4.76837158203125e-07,-1.882967714527129e-16,True,SUSL,ESG,US
2020-11-30,62.80229,42950000.0,2697358355.5,0.10958248728545228,-34541259.5,-0.014029203862229856,True,SUSL,ESG,US
2020-12-31,64.891402,43350000.0,2813042276.7,0.03326490164610241,25956560.799999714,0.009622956010673723,False,SUSL,ESG,US
2021-01-31,64.357929,45550000.0,2931503665.95,-0.008221012084158708,141587443.8000002,0.05033249765662869,False,SUSL,ESG,US
2021-02-28,66.380679,45300000.0,3007044758.7,0.03142969376780291,-16595169.75,-0.005660975267660829,True,SUSL,ESG,US
2021-03-31,69.164368,46400000.0,3209226675.2,0.04193522937600558,76080804.80000019,0.02530085545946157,False,SUSL,ESG,US
2021-04-30,72.762951,47550000.0,3459878320.05,0.05202943515655356,83677393.6500001,0.026074005397199094,False,SUSL,ESG,US
2021-05-31,73.345355,47600000.0,3491238898.0,0.008004128364722307,3667267.75,0.001059941249594871,False,SUSL,ESG,US
2021-06-30,75.068103,47950000.0,3599515538.85,0.023488167723777487,26273836.049999714,0.007525648292086517,False,SUSL,ESG,US
2021-07-31,77.271712,48750000.0,3766995959.9999995,0.029354798002555027,61817369.599999905,0.017173802677831966,False,SUSL,ESG,US
2021-08-31,79.647706,50650000.0,4034156308.9,0.03074856164698425,151330641.4000001,0.04017276445393377,False,SUSL,ESG,US
2021-09-30,75.473143,51150000.0,3860451264.45,-0.05241284664243817,37736571.5,0.009354266074605743,False,SUSL,ESG,US
2021-10-31,82.541472,51500000.0,4250885808.0,0.09365356627588706,28889515.200000286,0.007483455487713867,False,SUSL,ESG,US
2021-11-30,81.156247,51850000.0,4207951406.95,-0.01678216981640457,28404686.44999981,0.006682062923577789,False,SUSL,ESG,US
2021-12-31,84.327008,51150000.0,4313326459.200001,0.03906983278810339,-59028905.60000038,-0.014027943740630221,True,SUSL,ESG,US
2022-01-31,79.110945,47100000.0,3726125509.5,-0.06185518879076091,-320399327.2500005,-0.07428126071158209,True,SUSL,ESG,US
2022-02-28,76.472096,48600000.0,3716543865.6,-0.03335630739842643,114708144.0,0.030784830974572408,False,SUSL,ESG,US
2022-03-31,79.10585,48700000.0,3852454895.0,0.03444071939652349,7910585.0,0.002128478846494904,False,SUSL,ESG,US
2022-04-30,72.28379,46450000.0,3357582045.5,-0.08623963967266657,-162638527.49999952,-0.04221685442990748,True,SUSL,ESG,US
2022-05-31,71.792935,45500000.0,3266578542.5,-0.00679066496098224,-68203288.25,-0.02031321567894654,True,SUSL,ESG,US
2022-06-30,66.263855,45350000.0,3005065824.2500005,-0.07701426331156391,-9939578.25,-0.0030428101209508877,True,SUSL,ESG,US
2022-07-31,71.74134,45350000.0,3253469768.9999995,0.08266173164842261,-4.76837158203125e-07,-1.5867777482782204e-16,True,SUSL,ESG,US
2022-08-31,68.198166,45700000.0,3116656186.2,-0.04938817702596565,23869358.099999905,0.007336585182820522,False,SUSL,ESG,US
2022-09-30,61.781447,45800000.0,2829590272.6,-0.09408931905881457,6178144.700000286,0.0019822990830223796,False,SUSL,ESG,US
2022-10-31,66.28714,44250000.0,2933205944.9999995,0.07292954792722806,-102745067.00000048,-0.03631093448225352,True,SUSL,ESG,US
2022-11-30,70.720643,43150000.0,3051595745.45,0.0668833049668458,-77792707.29999971,-0.0265213928918311,True,SUSL,ESG,US
2022-12-31,66.230854,43450000.0,2877730606.2999997,-0.06348625817782794,19869256.19999981,0.006511103651139025,False,SUSL,ESG,US
2023-01-31,70.529732,44500000.0,3138573074.0,0.06490748254582379,74056218.5999999,0.025734242961406528,False,SUSL,ESG,US
2023-02-28,68.851788,44550000.0,3067347155.4,-0.02379059089576574,3442589.4000000954,0.0010968645046115296,False,SUSL,ESG,US
2023-03-31,71.359082,44450000.0,3171911194.9,0.03641581537432259,-7135908.199999809,-0.002326410359987194,True,SUSL,ESG,US
2023-04-30,72.07072,44400000.0,3199939967.9999995,0.009972633896831784,-3603536.000000477,-0.0011360772034836506,True,SUSL,ESG,US
2023-05-31,72.775773,44900000.0,3267632207.7,0.009782793900213749,36387886.49999952,0.011371427859236493,False,SUSL,ESG,US
2023-06-30,77.363064,14250000.0,1102423662.0,0.06303321573788012,-2371177911.5999994,-0.7256563042843213,True,SUSL,ESG,US
2023-07-31,80.034312,14000000.0,1120480368.0,0.034528725491017376,-20008578.00000024,-0.01814962676300052,True,SUSL,ESG,US
2023-08-31,79.671806,14300000.0,1139306825.8,-0.004529382347910893,23901541.799999952,0.021331513235401865,False,SUSL,ESG,US
2023-09-30,75.342276,14300000.0,1077394546.8,-0.05434205922230517,2.384185791015625e-07,2.0926634836419016e-16,False,SUSL,ESG,US
2023-10-31,73.453424,14500000.0,1065074648.0,-0.025070280595186678,14690684.800000072,0.013635380690976476,False,SUSL,ESG,US
2023-11-30,81.023946,14450000.0,1170796019.7,0.10306561066506581,-4051197.2999999523,-0.003803674519534665,True,SUSL,ESG,US
2023-12-31,84.266972,13300000.0,1120750727.6,0.04002552529347314,-96907017.80000019,-0.08277019751470563,True,SUSL,ESG,US
2024-01-31,86.146352,13300000.0,1145746481.6,0.022302688175386276,0.0,0.0,False,SUSL,ESG,US
2024-02-29,90.953854,12350000.0,1123280096.9,0.05580621684363396,-86406161.29999995,-0.07541472977454523,True,SUSL,ESG,US
2024-03-31,94.019315,12250000.0,1151736608.75,0.03370347561083009,-9401931.5,-0.008370068628427773,True,SUSL,ESG,US
2024-04-30,89.73367,12250000.0,1099237457.5,-0.04558260183027285,0.0,0.0,False,SUSL,ESG,US
2024-05-31,94.071813,10650000.0,1001864808.45,0.04834465145580258,-150514900.79999995,-0.1369266483534109,True,SUSL,ESG,US
2024-06-30,97.304493,10650000.0,1036292850.4499999,0.03436395979739415,1.1920928955078125e-07,1.1898740084025082e-16,False,SUSL,ESG,US
2024-07-31,97.632393,10800000.0,1054429844.4,0.0033698341144432487,14644858.950000048,0.01413196949456967,False,SUSL,ESG,US
2024-08-31,99.578356,10900000.0,1085404080.4,0.019931530306749767,9957835.600000143,0.009443810465803374,False,SUSL,ESG,US
2024-09-30,101.55993,11050000.0,1122237226.5,0.0198996456619549,15233989.5,0.0140353162247058,False,SUSL,ESG,US
2024-10-31,100.51481,10300000.0,1035302543.0,-0.01029067270920725,-75386107.5,-0.06717484121883209,True,SUSL,ESG,US
2024-11-30,106.519783,9550000.0,1017263927.6500001,0.059742171327787474,-79889837.25,-0.07716569208697481,True,SUSL,ESG,US
2024-12-31,102.863118,9600000.0,987485932.8,-0.03432850590767733,5143155.899999976,0.00505587169681842,False,SUSL,ESG,US
2025-01-31,104.657923,9600000.0,1004716060.8,0.01744847944430372,1.1920928955078125e-07,1.2071998758783865e-16,False,SUSL,ESG,US
2025-02-28,102.245563,9550000.0,976445126.6500001,-0.023049951029507798,-5112278.149999857,-0.005088281505054504,True,SUSL,ESG,US
2025-03-31,95.852328,9050000.0,867463568.4,-0.06252823900045423,-47926164.00000012,-0.049082291151808795,True,SUSL,ESG,US
2025-04-30,96.002666,8800000.0,844823460.8000001,0.0015684334761281171,-24000666.5,-0.02766763628387094,True,SUSL,ESG,US
2025-05-31,103.80472,8700000.0,903101064.0,0.08126913892162113,-10380472.0,-0.012287149305927513,True,SUSL,ESG,US
2025-06-30,108.350541,8650000.0,937232179.6500001,0.04379204529427949,-5417527.049999952,-0.005998804858013048,True,SUSL,ESG,US
2025-07-31,111.298162,8650000.0,962729101.3000001,0.02720448806988429,-1.1920928955078125e-07,-1.2719291136087405e-16,True,SUSL,ESG,US
2025-08-31,112.906926,7900000.0,891964715.4,0.014454542384985558,-84680194.5,-0.0879584863339583,True,SUSL,ESG,US
2025-09-30,117.065917,7900000.0,924820744.3,0.03683557021116668,0.0,0.0,False,SUSL,ESG,US
2025-10-31,120.961006,8350000.0,1010024400.1,0.03327261341146803,54432452.70000005,0.05885730076394444,False,SUSL,ESG,US
2025-11-30,120.456359,8450000.0,1017856233.5500001,-0.004171980844802081,12045635.899999976,0.011926084061738873,False,SUSL,ESG,US
2025-12-31,121.193192,8500000.0,1030142132.0,0.006117012054133175,6059659.600000024,0.005953355100912054,False,SUSL,ESG,US
2020-07-31,26.96112,200000.0,5392224.0,0.05483633912033348,9.313225746154785e-10,1.821869594340879e-16,False,USXF,ESG,US
2020-08-31,29.037899,200000.0,5807579.8,0.0770286620140408,9.313225746154785e-10,1.727158542774704e-16,False,USXF,ESG,US
2020-09-30,27.912042,400000.0,11164816.8,-0.038771985535179354,5582408.4,0.9612280144648208,False,USXF,ESG,US
2020-10-31,27.281758,1750000.0,47743076.5,-0.02258107808808829,36830373.3,3.2987888614527017,False,USXF,ESG,US
2020-11-30,30.315406,2500000.0,75788515.0,0.11119693972800437,22736554.5,0.47622725988343045,False,USXF,ESG,US
2020-12-31,31.268306,2600000.0,81297595.6,0.031432862881664914,3126830.599999994,0.04125731451526651,False,USXF,ESG,US
2021-01-31,30.970226,2950000.0,91362166.7,-0.0095329756591227,10839579.100000009,0.13333209943050284,False,USXF,ESG,US
2021-02-28,32.012641,3950000.0,126449931.95,0.03365861779633139,32012640.999999985,0.35039275179536633,False,USXF,ESG,US
2021-03-31,33.096073,4850000.0,160515954.04999998,0.0338438806095378,29786465.700000003,0.23555936520217322,False,USXF,ESG,US
2021-04-30,35.033465,5500000.0,192684057.5,0.05853842538962262,22771752.25,0.14186597453675354,False,USXF,ESG,US
2021-05-31,35.205368,6350000.0,223554086.8,0.004906822662274601,29924562.799999982,0.1553037816841696,False,USXF,ESG,US
2021-06-30,36.278969,7700000.0,279348061.29999995,0.0304953778639665,48976608.149999976,0.21908169450651246,False,USXF,ESG,US
2021-07-31,37.153616,10200000.0,378966883.2,0.02410892657947361,92884040.00000006,0.3325028982400891,False,USXF,ESG,US
2021-08-31,38.100646,11500000.0,438157429.0,0.025489578188028883,49530839.80000001,0.1306996521220037,False,USXF,ESG,US
2021-09-30,36.08003,11800000.0,425744354.0,-0.05303364147683998,10824008.99999994,0.024703470222343166,False,USXF,ESG,US
2021-10-31,38.48158,12650000.0,486791987.0,0.0665617517502064,32709343.0,0.0768286007616674,False,USXF,ESG,US
2021-11-30,38.10754,14900000.0,567802346.0,-0.00971997511536693,85741965.0,0.17613676331940115,False,USXF,ESG,US
2021-12-31,39.384021,14800000.0,582883510.8,0.03349680929285892,-3938402.0999999046,-0.006936220196596202,True,USXF,ESG,US
2022-01-31,36.343524,15250000.0,554238741.0,-0.07720128424672523,16354585.799999952,0.028058069060065704,False,USXF,ESG,US
2022-02-28,34.94873,16100000.0,562674553.0,-0.03837806152204737,29706420.50000006,0.053598599849590915,False,USXF,ESG,US
2022-03-31,35.719408,20000000.0,714388160.0,0.02205167398071417,139305691.19999993,0.2475777346909803,False,USXF,ESG,US
2022-04-30,32.627729,19900000.0,649291807.1,-0.08655459799333742,-3262772.899999976,-0.00456722701003328,True,USXF,ESG,US
2022-05-31,32.491173,18100000.0,588090231.3000001,-0.004185274433289532,-58484111.399999976,-0.09007369376985316,True,USXF,ESG,US
2022-06-30,29.779253,18400000.0,547938255.2,-0.08346636177154954,8933775.899999976,0.015191165274504663,False,USXF,ESG,US
2022-07-31,32.611381,18850000.0,614724531.85,0.09510406456468212,14675121.449999928,0.026782436361636113,False,USXF,ESG,US
2022-08-31,30.928365,19050000.0,589185353.25,-0.05160824069364012,6185673.0,0.010062512035080741,False,USXF,ESG,US
2022-09-30,27.953631,19250000.0,538107396.75,-0.09618141793140367,5590726.1999999285,0.009488908998095378,False,USXF,ESG,US
2022-10-31,30.007696,20000000.0,600153920.0,0.07348115169725178,22505772.0,0.041823940975217605,False,USXF,ESG,US
2022-11-30,32.384181,19800000.0,641206783.8,0.07919585029120535,-6476836.200000048,-0.010791958502912133,True,USXF,ESG,US
2022-12-31,30.646803,19550000.0,599144998.65,-0.05364897139130986,-7661700.75,-0.011948876623847098,True,USXF,ESG,US
2023-01-31,32.786772,19800000.0,649178085.6,0.06982682663506545,8196693.0,0.013680649956970145,False,USXF,ESG,US
2023-02-28,32.121951,19900000.0,639226824.9000001,-0.020277110537139653,3212195.100000024,0.004948095401327613,False,USXF,ESG,US
2023-03-31,33.111232,20000000.0,662224640.0,0.030797662321320418,3311123.1999999285,0.005179887750358281,False,USXF,ESG,US
2023-04-30,33.338821,20000000.0,666776420.0,0.006873468193512089,0.0,0.0,False,USXF,ESG,US
2023-05-31,33.779659,20250000.0,684038094.75,0.013222963103584284,8444914.75,0.012665287038794803,False,USXF,ESG,US
2023-06-30,36.005244,20350000.0,732706715.4,0.06588536018081159,3600524.4000000954,0.005263631408300444,False,USXF,ESG,US
2023-07-31,37.105949,19450000.0,721710708.0500001,0.030570685758996907,-33395354.100000143,-0.04557806472644231,True,USXF,ESG,US
2023-08-31,36.79366,19650000.0,722995419.0,-0.0084161437294058,7358732.0,0.010196235025918706,False,USXF,ESG,US
2023-09-30,34.627888,19900000.0,689094971.1999999,-0.058862641009347905,8656972.0,0.011973757747972675,False,USXF,ESG,US
2023-10-31,33.840988,20200000.0,683587957.6,-0.022724458390300795,10152296.399999976,0.014732797109693923,False,USXF,ESG,US
2023-11-30,37.664896,20450000.0,770247123.1999999,0.11299634632416744,9416224.0,0.013774707256487223,False,USXF,ESG,US
2023-12-31,39.783782,20600000.0,819545909.2,0.056256255161304614,5967567.3000000715,0.007747600893603795,False,USXF,ESG,US
2024-01-31,41.03646,20900000.0,857662014.0,0.031487152227005266,12310938.00000012,0.015021657556704107,False,USXF,ESG,US
2024-02-29,43.575587,24650000.0,1074138219.55,0.06187490343952673,163408451.24999988,0.19052779367934078,False,USXF,ESG,US
2024-03-31,45.204232,21900000.0,989972680.8,0.03737517064314022,-124311638.0,-0.11573150990947811,True,USXF,ESG,US
2024-04-30,42.630211,22250000.0,948522194.7500001,-0.05694203586956181,14920573.850000024,0.015071702623089217,False,USXF,ESG,US
2024-05-31,45.119349,22700000.0,1024209222.3,0.05838906122233345,20303707.049999952,0.02140562146292355,False,USXF,ESG,US
2024-06-30,46.57779,23300000.0,1085262507.0,0.03232407010127747,27946674.0,0.02728609876919676,False,USXF,ESG,US
2024-07-31,47.160529,23650000.0,1115346510.85,0.012511091659780371,16506185.149999857,0.015209394080726182,False,USXF,ESG,US
2024-08-31,48.279047,23550000.0,1136971556.85,0.023717248803549307,-4827904.700000048,-0.0043286141598459175,True,USXF,ESG,US
2024-09-30,49.111097,23850000.0,1171299663.45,0.017234184427874055,14733329.100000143,0.012958397253858396,False,USXF,ESG,US
2024-10-31,49.1965,24350000.0,1197934775.0,0.0017389756127825784,24598250.0,0.021000817098800473,False,USXF,ESG,US
2024-11-30,52.061776,25750000.0,1340590732.0,0.05824146026648247,72886486.39999986,0.06084345151429456,False,USXF,ESG,US
2024-12-31,49.669293,26000000.0,1291401618.0,-0.045954694284728204,12417323.25,0.009262575783643416,False,USXF,ESG,US
2025-01-31,50.424743,26350000.0,1328691978.05,0.015209598413248981,17648660.049999952,0.01366628305556293,False,USXF,ESG,US
2025-02-28,49.943305,26500000.0,1323497582.5,-0.009547654015807261,7491495.75,0.005638248648866372,False,USXF,ESG,US
2025-03-31,46.633096,26650000.0,1242772008.4,-0.06627933413697795,6994964.400000095,0.005285211316205857,False,USXF,ESG,US
2025-04-30,46.843236,26650000.0,1248372239.3999999,0.004506241661501376,0.0,0.0,False,USXF,ESG,US
2025-05-31,50.867629,22800000.0,1159781941.2,0.08591193400899977,-195840371.64999986,-0.15687658333713494,True,USXF,ESG,US
2025-06-30,53.979086,22500000.0,1214529435.0,0.06116772220698552,-16193725.799999952,-0.013962733186933978,True,USXF,ESG,US
2025-07-31,55.417379,22700000.0,1257974503.3,0.026645375210687883,11083475.80000019,0.009125736668539606,False,USXF,ESG,US
2025-08-31,56.023924,22700000.0,1271743074.8,0.010945032243405262,-2.384185791015625e-07,-1.895257642155127e-16,True,USXF,ESG,US
2025-09-30,57.350367,20950000.0,1201490188.6499999,0.023676367260529574,-100363142.25,-0.07891778161700119,True,USXF,ESG,US
2025-10-31,58.837391,20800000.0,1223817732.8,0.02592876171132441,-8825608.649999857,-0.0073455519931597225,True,USXF,ESG,US
2025-11-30,57.325473,20850000.0,1195236112.05,-0.025696550684920605,2866273.649999857,0.0023420755993149777,False,USXF,ESG,US
2025-12-31,57.600304,20900000.0,1203846353.6000001,0.004794221235645102,2880015.200000286,0.002409578468191235,False,USXF,ESG,US
2019-02-28,71.147419,140800000.0,10017556595.2,0.026602745545554862,-725703673.7999992,-0.0693466755269182,True,ACWI,Conventional,Global
2019-03-31,72.051565,140800000.0,10144860352.0,0.01270806464532459,0.0,0.0,False,ACWI,Conventional,Global
2019-04-30,74.493593,144600000.0,10771773547.800001,0.03389278220396741,283075653.4000015,0.027903356337891316,False,ACWI,Conventional,Global
2019-05-31,70.061386,144600000.0,10130876415.6,-0.05949782822262317,0.0,0.0,False,ACWI,Conventional,Global
2019-06-30,73.711232,146000000.0,10761839872.0,0.05209497282854203,103195724.80000114,0.010186258381465942,False,ACWI,Conventional,Global
2019-07-31,73.940053,146800000.0,10854399780.400002,0.003104289452115161,59152042.39999962,0.0054964618600115535,False,ACWI,Conventional,Global
2019-08-31,72.221827,146800000.0,10602164203.6,-0.02323809532568233,0.0,0.0,False,ACWI,Conventional,Global
2019-09-30,73.734851,144800000.0,10676806424.800001,0.020949677720005555,-147469701.9999981,-0.01390939615422333,True,ACWI,Conventional,Global
2019-10-31,75.748983,141800000.0,10741205789.4,0.02731587536536817,-227246949.0,-0.02128416868850901,True,ACWI,Conventional,Global
2019-11-30,77.584483,141800000.0,11001479689.400002,0.024231348426156485,1.9073486328125e-06,1.775730462863652e-16,False,ACWI,Conventional,Global
2019-12-31,79.361556,141800000.0,11253468640.8,0.022905005373303755,-1.9073486328125e-06,-1.7337200873535613e-16,True,ACWI,Conventional,Global
2020-01-31,78.460947,132400000.0,10388229382.800001,-0.011348177195517506,-737532901.7999992,-0.06553827316193318,True,ACWI,Conventional,Global
2020-02-29,72.132264,128000000.0,9232929792.0,-0.0806602933303876,-317381961.6000023,-0.03055207484400546,True,ACWI,Conventional,Global
2020-03-31,62.397178,161400000.0,10070904529.199999,-0.13496160331249285,2084065745.1999998,0.2257209566356464,False,ACWI,Conventional,Global
2020-04-30,69.02747,161600000.0,11154839151.999998,0.10625948500427373,13805494.0,0.0013708295972791498,False,ACWI,Conventional,Global
2020-05-31,72.160864,153200000.0,11055044364.800001,0.045393435396082316,-606151257.5999985,-0.054339757780489294,True,ACWI,Conventional,Global
2020-06-30,73.833102,154000000.0,11370297708.0,0.023173752465047937,59066481.60000038,0.0053429438771021125,False,ACWI,Conventional,Global
2020-07-31,77.732956,154800000.0,12033061588.800001,0.05281985849653181,62186364.800001144,0.005469194070111955,False,ACWI,Conventional,Global
2020-08-31,82.502004,154800000.0,12771310219.2,0.06135168717885886,0.0,0.0,False,ACWI,Conventional,Global
2020-09-30,79.842076,157400000.0,12567142762.400002,-0.032240768357578276,207589397.60000038,0.016254354019833984,False,ACWI,Conventional,Global
2020-10-31,77.904322,160000000.0,12464691519.999998,-0.024269834867520435,202551237.19999886,0.016117524964068822,False,ACWI,Conventional,Global
2020-11-30,87.517562,161400000.0,14125334506.8,0.1233980317549006,122524586.80000114,0.009829732777855473,False,ACWI,Conventional,Global
2020-12-31,90.883438,156800000.0,14250523078.4,0.03845943514742789,-418063814.79999924,-0.02959673730903445,True,ACWI,Conventional,Global
2021-01-31,90.466284,158200000.0,14311766128.800001,-0.004589989212335888,126652797.60000038,0.008887589382032742,False,ACWI,Conventional,Global
2021-02-28,92.538232,160200000.0,14824624766.4,0.022902985602901493,185076463.9999981,0.012931769729492932,False,ACWI,Conventional,Global
2021-03-31,95.037804,166400000.0,15814290585.599998,0.027011235745243223,589234384.7999973,0.039747001633086636,False,ACWI,Conventional,Global
2021-04-30,99.160114,168400000.0,16698563197.599998,0.04337547614210435,198320228.0000019,0.012540570626708108,False,ACWI,Conventional,Global
2021-05-31,100.658442,170200000.0,17132066828.4,0.015110188356580512,181185195.6000023,0.010850346431365013,False,ACWI,Conventional,Global
2021-06-30,101.290906,166400000.0,16854806758.400002,0.006283268322392788,-384905442.79999924,-0.022466958987221414,True,ACWI,Conventional,Global
2021-07-31,101.95903,166400000.0,16965982592.0,0.006596090669778398,-1.9073486328125e-06,-1.1316348268792381e-16,True,ACWI,Conventional,Global
2021-08-31,104.401719,166400000.0,17372446041.6,0.023957554323535746,-3.814697265625e-06,-2.2484387479118074e-16,True,ACWI,Conventional,Global
2021-09-30,99.984633,161600000.0,16157516692.800001,-0.04230855624130092,-479926238.3999977,-0.027625714723808495,True,ACWI,Conventional,Global
2021-10-31,105.266139,162800000.0,17137327429.199999,0.05282317733766151,126319366.79999733,0.007817993891121082,False,ACWI,Conventional,Global
2021-11-30,102.785645,162800000.0,16733503006.0,-0.023564025655011367,0.0,0.0,False,ACWI,Conventional,Global
2021-12-31,105.707277,166600000.0,17610832348.2,0.028424513948421604,401687652.5999985,0.024004994797321787,False,ACWI,Conventional,Global
2022-01-31,100.976119,182200000.0,18397848881.8,-0.044757164636830105,1575227456.3999996,0.08944650799318996,False,ACWI,Conventional,Global
2022-02-28,97.819108,189200000.0,18507375233.6,-0.03126492710618034,684733755.9999962,0.03721814220777552,False,ACWI,Conventional,Global
2022-03-31,99.735425,191200000.0,19069413260.0,0.01959041581119303,199470850.0,0.010777911372211344,False,ACWI,Conventional,Global
2022-04-30,91.764437,195200000.0,17912418102.4,-0.07992133186377859,367057748.0,0.01924850770159459,False,ACWI,Conventional,Global
2022-05-31,92.214723,196600000.0,18129414541.800003,0.004906977198585238,129100612.20000076,0.007207324631547271,False,ACWI,Conventional,Global
2022-06-30,83.814073,202200000.0,16947205560.599998,-0.09109879341067928,469358808.79999924,0.025889352781791393,False,ACWI,Conventional,Global
2022-07-31,89.653954,202200000.0,18128029498.8,0.06967661624080734,0.0,0.0,False,ACWI,Conventional,Global
2022-08-31,86.022394,202200000.0,17393728066.8,-0.04050641202060079,-3.814697265625e-06,-2.1043088361465416e-16,True,ACWI,Conventional,Global
2022-09-30,77.807197,184400000.0,14347647126.800001,-0.09550067857911515,-1384968106.5999966,-0.0796245693436781,True,ACWI,Conventional,Global
2022-10-31,82.616687,188200000.0,15548460493.4,0.06181291943983025,313943410.5999985,0.02188117729865149,False,ACWI,Conventional,Global
2022-11-30,89.647349,206800000.0,18539071773.2,0.08509978135530916,1667440691.3999996,0.1072415299320337,False,ACWI,Conventional,Global
2022-12-31,84.930718,214000000.0,18175173652.0,-0.052613167624176005,611501169.6000023,0.03298445451211779,False,ACWI,Conventional,Global
2023-01-31,91.202647,214600000.0,19572088046.2,0.07384759186893963,54721588.20000076,0.0030107876407540783,False,ACWI,Conventional,Global
2023-02-28,88.320993,210200000.0,18565072728.6,-0.03159616628232287,-388612369.2000046,-0.019855437410800696,True,ACWI,Conventional,Global
2023-03-31,91.22417,203800000.0,18591485846.0,0.032870746822332375,-583834687.9999962,-0.031448015126845315,True,ACWI,Conventional,Global
2023-04-30,92.565112,190000000.0,17587371280.0,0.014699415735983212,-1277398545.6000023,-0.06870879262589104,True,ACWI,Conventional,Global
2023-05-31,91.587889,183800000.0,16833853998.2,-0.010557141658295577,-567844911.7999992,-0.03228708274588715,True,ACWI,Conventional,Global
2023-06-30,95.918946,185600000.0,17802556377.600002,0.047288533967629665,172654102.80000305,0.010256362138964999,False,ACWI,Conventional,Global
2023-07-31,99.295672,185600000.0,18429276723.2,0.035203952303646036,0.0,0.0,False,ACWI,Conventional,Global
2023-08-31,96.476797,185600000.0,17906093523.2,-0.028388699559835695,-3.814697265625e-06,-2.0699115450487567e-16,True,ACWI,Conventional,Global
2023-09-30,92.439049,185600000.0,17156687494.4,-0.04185201131832772,0.0,0.0,False,ACWI,Conventional,Global
2023-10-31,89.925453,185600000.0,16690164076.800001,-0.02719192838082951,0.0,0.0,False,ACWI,Conventional,Global
2023-11-30,98.054732,185600000.0,18198958259.2,0.09040020070846899,0.0,0.0,False,ACWI,Conventional,Global
2023-12-31,101.769017,187200000.0,19051159982.4,0.037879711914362346,162830427.20000076,0.00894723889581351,False,ACWI,Conventional,Global
2024-01-31,102.113921,181800000.0,18564310837.8,0.0033890864839540846,-551415173.4000015,-0.028943915956267986,True,ACWI,Conventional,Global
2024-02-29,106.763295,177800000.0,18982513851.0,0.04553124544105991,-427053180.0,-0.02300398779848317,True,ACWI,Conventional,Global
2024-03-31,110.116987,177800000.0,19578800288.6,0.031412406295628026,0.0,0.0,False,ACWI,Conventional,Global
2024-04-30,106.237922,167000000.0,17741732974.0,-0.03522676296982219,-1147369557.5999985,-0.058602648818480915,True,ACWI,Conventional,Global
2024-05-31,111.013824,167000000.0,18539308608.0,0.04495477612975152,0.0,0.0,False,ACWI,Conventional,Global
2024-06-30,112.309097,167600000.0,18823004657.2,0.011667673027820236,67385458.20000458,0.0036347341545912184,False,ACWI,Conventional,Global
2024-07-31,114.161984,159600000.0,18220252646.4,0.016498102553526905,-913295872.0,-0.048520195825944,True,ACWI,Conventional,Global
2024-08-31,117.046248,159600000.0,18680581180.8,0.025264662534246085,-3.814697265625e-06,-2.09365772234707e-16,True,ACWI,Conventional,Global
2024-09-30,119.611848,162200000.0,19401041745.6,0.021919540727183273,310990804.79999924,0.01664781206698415,False,ACWI,Conventional,Global
2024-10-31,117.012573,162200000.0,18979439340.600002,-0.02173091582031228,0.0,0.0,False,ACWI,Conventional,Global
2024-11-30,121.618787,162200000.0,19726567251.399998,0.039365120190972824,0.0,0.0,False,ACWI,Conventional,Global
2024-12-31,117.453136,163200000.0,19168351795.2,-0.034251706522940406,117453136.00000381,0.005954058529451856,False,ACWI,Conventional,Global
2025-01-31,121.309187,161600000.0,19603564619.2,0.03283054953934994,-194094699.20000076,-0.010125789701366215,True,ACWI,Conventional,Global
2025-02-28,120.88363,160600000.0,19413910978.0,-0.0035080360401722466,-120883630.0,-0.00616641066806824,True,ACWI,Conventional,Global
2025-03-31,116.282642,162000000.0,18837788004.0,-0.03806129911883027,162795698.79999924,0.00838551794043357,False,ACWI,Conventional,Global
2025-04-30,117.161604,173000000.0,20268957492.0,0.0075588409833344805,1288777644.0,0.06841448920257209,False,ACWI,Conventional,Global
2025-05-31,123.856207,173000000.0,21427123811.0,0.05713990566397498,0.0,0.0,False,ACWI,Conventional,Global
2025-06-30,128.617059,173000000.0,22250751207.000004,0.03843854188107021,3.814697265625e-06,1.7803123271573465e-16,False,ACWI,Conventional,Global
2025-07-31,129.929904,169600000.0,22036111718.399998,0.010207394028501238,-441761673.6000061,-0.01985378693466446,True,ACWI,Conventional,Global
2025-08-31,133.407032,165200000.0,22038841686.399998,0.026761568299165317,-586990940.7999992,-0.02663768219644058,True,ACWI,Conventional,Global
2025-09-30,138.359304,165200000.0,22856957020.800003,0.03712152145023384,0.0,0.0,False,ACWI,Conventional,Global
2025-10-31,141.307033,167400000.0,23654797324.199997,0.021304884563454918,310875472.5999985,0.013600912506292917,False,ACWI,Conventional,Global
2025-11-30,141.371083,172400000.0,24372374709.2,0.0004532683097238088,706855415.0000038,0.029882116735655,False,ACWI,Conventional,Global
2025-12-31,141.454674,178200000.0,25207222906.800003,0.0005912878236917773,820437109.2000008,0.033662583929103346,False,ACWI,Conventional,Global
2019-02-28,107.074543,540500000.0,57873790491.5,-0.003090428207424112,599617440.7999954,0.010436892133180747,False,AGG,Conventional,Fixed Income
2019-03-31,108.854442,543600000.0,59173274671.200005,0.016622989462584004,337448770.2000046,0.005830770152329423,False,AGG,Conventional,Fixed Income
2019-04-30,108.625119,552200000.0,59982790711.799995,-0.0021066940015181945,934176023.3999939,0.015787127357591774,False,AGG,Conventional,Fixed Income
2019-05-31,110.275982,563600000.0,62151543455.2,0.01519780153244299,1257146194.800003,0.02095844791283933,False,AGG,Conventional,Fixed Income
2019-06-30,111.387592,575100000.0,64059004159.2,0.01008025482829078,1280957307.9999924,0.020610225213848962,False,AGG,Conventional,Fixed Income
2019-07-31,111.394934,577700000.0,64352853371.8,6.591398438704488e-05,289626828.40000916,0.004521250871777932,False,AGG,Conventional,Fixed Income
2019-08-31,114.009688,578500000.0,65954604508.0,0.0234728268702058,91207750.3999939,0.001417307013148883,False,AGG,Conventional,Fixed Income
2019-09-30,113.134455,583600000.0,66025267938.0,-0.007676830060266426,576985720.5,0.008748225007247435,False,AGG,Conventional,Fixed Income
2019-10-31,113.202522,585000000.0,66223475370.0,0.0006016469518503875,158483530.79999542,0.0024003466513580363,False,AGG,Conventional,Fixed Income
2019-11-30,112.887044,594900000.0,67156502475.6,-0.002786846038642099,1117581735.5999985,0.016875914913192187,False,AGG,Conventional,Fixed Income
2019-12-31,112.372681,616200000.0,69244046032.2,-0.0045564396211845715,2393538105.300003,0.03564119656424407,False,AGG,Conventional,Fixed Income
2020-01-31,114.516915,635000000.0,72718241025.0,0.019081452724261316,2152918002.0,0.03109174182281096,False,AGG,Conventional,Fixed Income
2020-02-29,116.310157,656100000.0,76311094007.7,0.01565918886306017,2454144312.699997,0.03374867540946542,False,AGG,Conventional,Fixed Income
2020-03-31,115.321722,592600000.0,68339652457.2,-0.008498268986086965,-7322929347.0,-0.09596153013166207,True,AGG,Conventional,Fixed Income
2020-04-30,117.150986,607200000.0,71134078699.2,0.01586226747463937,1710404395.5999908,0.02502799376498423,False,AGG,Conventional,Fixed Income
2020-05-31,117.445214,618500000.0,72639864859.0,0.0025115281573473425,1327130918.199997,0.018656752747328722,False,AGG,Conventional,Fixed Income
2020-06-30,117.972706,640000000.0,75502531840.0,0.004491387788692736,2536413179.0,0.034917647271555205,False,AGG,Conventional,Fixed Income
2020-07-31,119.506893,669300000.0,79985963484.90001,0.01300459277419641,3501551964.900009,0.0463766165129438,False,AGG,Conventional,Fixed Income
2020-08-31,118.335595,667500000.0,78989009662.5,-0.0098010915571205,-213004071.0,-0.0026630181311776227,True,AGG,Conventional,Fixed Income
2020-09-30,118.080513,684300000.0,80802495045.9,-0.002155581336283463,1983752618.399994,0.025114286492210317,False,AGG,Conventional,Fixed Income
2020-10-31,117.352252,695100000.0,81571550365.2,-0.006167495224212005,1267404321.600006,0.01568521270141541,False,AGG,Conventional,Fixed Income
2020-11-30,118.317221,705100000.0,83425472527.1,0.008222841773841916,1183172210.0,0.0145047164691964,False,AGG,Conventional,Fixed Income
2020-12-31,118.134016,721300000.0,85210065740.8,-0.0015484221016313082,1913771059.199997,0.02293988875613891,False,AGG,Conventional,Fixed Income
2021-01-31,117.285586,734700000.0,86169720034.2,-0.00718192802316997,1571626852.399994,0.018444145521266424,False,AGG,Conventional,Fixed Income
2021-02-28,115.369481,744900000.0,85938726396.9,-0.016337088514866593,1176768706.199997,0.013656406284399531,False,AGG,Conventional,Fixed Income
2021-03-31,113.746516,741700000.0,84365790917.2,-0.014067541831101704,-363988851.19999695,-0.004235446188938714,True,AGG,Conventional,Fixed Income
2021-04-30,114.471913,759500000.0,86941417923.5,0.006377311811466724,2037600051.4000092,0.024151970001677486,False,AGG,Conventional,Fixed Income
2021-05-31,114.636464,768700000.0,88121049876.8,0.0014374792530984504,1054655468.800003,0.01213064490997832,False,AGG,Conventional,Fixed Income
2021-06-30,115.297418,770200000.0,88802071343.59999,0.005765652366946705,172946126.99998474,0.001962597214193166,False,AGG,Conventional,Fixed Income
2021-07-31,116.426827,766400000.0,89229520212.8,0.009795613983307083,-442421942.59999084,-0.004982112870860151,True,AGG,Conventional,Fixed Income
2021-08-31,116.044346,769600000.0,89307728681.6,-0.003285162104434858,371341907.19999695,0.00416164859246579,False,AGG,Conventional,Fixed Income
2021-09-30,114.876623,778900000.0,89477401654.7,-0.010062730673668585,1068352593.8999939,0.011962599538376858,False,AGG,Conventional,Fixed Income
2021-10-31,114.636087,778000000.0,89186875686.0,-0.002093863779404348,-103172478.30000305,-0.0011530562621627457,True,AGG,Conventional,Fixed Income
2021-11-30,114.795567,791300000.0,90837732167.1,0.001391184959060876,1526781041.100006,0.01711889814904314,False,AGG,Conventional,Fixed Income
2021-12-31,114.135331,807400000.0,92152866249.4,-0.005751406759461508,1837578829.100006,0.02022924598909734,False,AGG,Conventional,Fixed Income
2022-01-31,111.757225,804600000.0,89919863235.0,-0.020835844424019645,-312920230.0,-0.003395664646535478,True,AGG,Conventional,Fixed Income
2022-02-28,110.344394,797400000.0,87988619775.59999,-0.012641965653674814,-794479636.800003,-0.008835418651868716,True,AGG,Conventional,Fixed Income
2022-03-31,107.138251,798100000.0,85507038123.09999,-0.029055785108575538,74996775.69999695,0.0008523463135489961,False,AGG,Conventional,Fixed Income
2022-04-30,102.935211,802200000.0,82574626264.2,-0.039230059859760136,422034365.1000061,0.004935668155087133,False,AGG,Conventional,Fixed Income
2022-05-31,103.419666,802600000.0,83004623931.6,0.004706407023346015,41367866.400009155,0.0005009755208295031,False,AGG,Conventional,Fixed Income
2022-06-30,101.62089,798200000.0,81113794398.0,-0.017392978236847156,-447131916.0,-0.005386831417590172,True,AGG,Conventional,Fixed Income
2022-07-31,103.888803,801600000.0,83277264484.8,0.022317389662696252,353221930.2000122,0.004354646861504996,False,AGG,Conventional,Fixed Income
2022-08-31,100.793502,815800000.0,82227338931.6,-0.02979436580860395,1431267728.399994,0.017186776453989226,False,AGG,Conventional,Fixed Income
2022-09-30,96.254466,809600000.0,77927615673.59999,-0.04503302206922044,-596777689.199997,-0.007257655385107629,True,AGG,Conventional,Fixed Income
2022-10-31,94.800938,805700000.0,76381115746.6,-0.015100888929143186,-369723658.19999695,-0.004744449769239513,True,AGG,Conventional,Fixed Income
2022-11-30,98.071677,821200000.0,80536461152.4,0.034501124872836186,1520110993.4999847,0.01990165996714509,False,AGG,Conventional,Fixed Income
2022-12-31,97.004291,850300000.0,82482748637.3,-0.010883733537053741,2822824868.100006,0.03505027198498758,False,AGG,Conventional,Fixed Income
2023-01-31,100.155634,866100000.0,86744794607.40001,0.03248663504998972,1582459017.199997,0.01918533321626462,False,AGG,Conventional,Fixed Income
2023-02-28,97.330597,878200000.0,85475730285.4,-0.02820647114070496,1177700223.699997,0.013576609743906523,False,AGG,Conventional,Fixed Income
2023-03-31,99.559726,884600000.0,88070533619.59999,0.022902654136601974,637182246.4000092,0.007454539952715039,False,AGG,Conventional,Fixed Income
2023-04-30,99.894229,892600000.0,89165588805.4,0.00335982242458166,799153832.0,0.009074020550979712,False,AGG,Conventional,Fixed Income
2023-05-31,98.567775,925400000.0,91214618985.0,-0.013278584892026157,3233023020.0,0.036258640393839955,False,AGG,Conventional,Fixed Income
2023-06-30,97.961,938100000.0,91897214100.0,-0.006155916576183196,1244104700.0,0.013639312577785253,False,AGG,Conventional,Fixed Income
2023-07-31,97.637288,961600000.0,93888016140.8,-0.003304498729086114,2294476268.0,0.02496785447166238,False,AGG,Conventional,Fixed Income
2023-08-31,96.748558,964100000.0,93275284767.8,-0.009102362613758741,241871395.0,0.002576168982389354,False,AGG,Conventional,Fixed Income
2023-09-30,94.046916,961300000.0,90407300350.8,-0.027924364516109912,-263331364.80000305,-0.00282316334338235,True,AGG,Conventional,Fixed Income
2023-10-31,92.313236,964100000.0,88999190827.6,-0.018434203626623846,258477060.7999878,0.0028590286381413948,False,AGG,Conventional,Fixed Income
2023-11-30,96.193034,993800000.0,95596637189.2,0.042028620901124025,2856933109.800003,0.03210066387383406,False,AGG,Conventional,Fixed Income
2023-12-31,99.200444,1021700000.0,101353093634.8,0.031264322112971366,2767692387.600006,0.028951775595644963,False,AGG,Conventional,Fixed Income
2024-01-31,99.028654,1025100000.0,101514273215.40001,-0.0017317462812969087,336697423.6000061,0.003322024138831019,False,AGG,Conventional,Fixed Income
2024-02-29,97.347326,1050300000.0,102243896497.79999,-0.016978197037798903,2453152615.199997,0.02416559304911466,False,AGG,Conventional,Fixed Income
2024-03-31,97.879282,1071200000.0,104848286878.40001,0.005464515789576074,2045676993.8000183,0.020007815271829314,False,AGG,Conventional,Fixed Income
2024-04-30,95.206971,1104600000.0,105165620166.59999,-0.027302110777641442,3179912831.399994,0.030328705657231808,False,AGG,Conventional,Fixed Income
2024-05-31,96.515693,1116200000.0,107730816526.6,0.013746073278604776,1119582038.8000183,0.01064589394353794,False,AGG,Conventional,Fixed Income
2024-06-30,97.109829,1129700000.0,109704973821.3,0.00615584866597807,1310982691.5,0.012169059269835785,False,AGG,Conventional,Fixed Income
2024-07-31,99.078545,1147700000.0,113712446096.5,0.020273086877745428,1783413810.0,0.01625645353970029,False,AGG,Conventional,Fixed Income
2024-08-31,100.197352,1166600000.0,116890230843.2,0.011292121821126822,1893729952.800003,0.016653673523062934,False,AGG,Conventional,Fixed Income
2024-09-30,101.226603,1187600000.0,120216713722.8,0.010272237533782258,2125758663.0000153,0.018185939472149477,False,AGG,Conventional,Fixed Income
2024-10-31,98.415457,1205700000.0,118659516504.90001,-0.027770822261021566,1781319771.699997,0.01481757167150175,False,AGG,Conventional,Fixed Income
2024-11-30,99.209172,1215400000.0,120578827648.79999,0.008064942481545323,962328968.3999786,0.008110002440135003,False,AGG,Conventional,Fixed Income
2024-12-31,96.912959,1235300000.0,119716578252.7,-0.02314516847293102,1928567884.0999908,0.015994249751019072,False,AGG,Conventional,Fixed Income
2025-01-31,97.410327,1241500000.0,120934920970.5,0.005132110350690944,603944027.4000244,0.005044781902513185,False,AGG,Conventional,Fixed Income
2025-02-28,99.222918,1265100000.0,125526913561.8,0.018607790937813062,2341660864.799988,0.019362983379889055,False,AGG,Conventional,Fixed Income
2025-03-31,98.958772,1265000000.0,125182846580.0,-0.0026621470656609247,-9895877.19998169,-7.8834704998221e-05,True,AGG,Conventional,Fixed Income
2025-04-30,99.016745,1251600000.0,123929358042.0,0.0005858298241616655,-1326824383.0000153,-0.010599091003671082,True,AGG,Conventional,Fixed Income
2025-05-31,97.986707,1268800000.0,124325533841.59999,-0.010402664721002486,1685371360.399994,0.013599452034834368,False,AGG,Conventional,Fixed Income
2025-06-30,99.170682,1303000000.0,129219398646.0,0.012083016525904933,3391637324.400009,0.027280295685045745,False,AGG,Conventional,Fixed Income
2025-07-31,98.606379,1297500000.0,127941776752.5,-0.005690220018855885,-542335084.5000153,-0.004197009815730197,True,AGG,Conventional,Fixed Income
2025-08-31,99.434772,1313600000.0,130617516499.2,0.008401008214691474,1600899829.2000275,0.012512721566286562,False,AGG,Conventional,Fixed Income
2025-09-30,100.203079,1315600000.0,131827170732.40001,0.007726743718988072,200406158.0,0.0015342977218620402,False,AGG,Conventional,Fixed Income
2025-10-31,100.501447,1345700000.0,135244797227.9,0.0029776330525730366,3025093554.699997,0.02294742076230041,False,AGG,Conventional,Fixed Income
2025-11-30,100.791505,1343200000.0,135383149516.0,0.00288610769952391,-251978762.49998474,-0.0018631309127210064,True,AGG,Conventional,Fixed Income
2025-12-31,99.892486,1355200000.0,135374297027.20001,-0.008919590991324111,1198709832.0000153,0.008854202581971607,False,AGG,Conventional,Fixed Income
2019-02-28,60.255209,949400000.0,57206295424.6,0.02483863120880736,542296881.0,0.00980811110259386,False,IEFA,Conventional,Developed exUS
2019-03-31,60.619976,993600000.0,60232008153.6,0.006053700685031194,2679402939.2000046,0.04683755379216185,False,IEFA,Conventional,Developed exUS
2019-04-30,62.371281,1029200000.0,64192522405.200005,0.028889899263569552,2220417603.5999985,0.0368644126547736,False,IEFA,Conventional,Developed exUS
2019-05-31,59.35957,1049200000.0,62280060844.0,-0.048286822904920035,1187191400.0,0.01849423196842363,False,IEFA,Conventional,Developed exUS
2019-06-30,61.525837,1069000000.0,65771119753.0,0.0364939806673128,1218211572.5999985,0.019560218087316783,False,IEFA,Conventional,Developed exUS
2019-07-31,60.800122,1066600000.0,64849410125.200005,-0.0117952885386996,-145920292.79999542,-0.0022186073971066853,True,IEFA,Conventional,Developed exUS
2019-08-31,59.241156,1066600000.0,63186616989.6,-0.0256408367075317,0.0,0.0,False,IEFA,Conventional,Developed exUS
2019-09-30,60.945385,1066600000.0,65004347641.0,0.028767652677135658,-7.62939453125e-06,-1.2074383619090948e-16,True,IEFA,Conventional,Developed exUS
2019-10-31,63.212414,1073000000.0,67826920222.0,0.03719771398605487,404559449.5999985,0.006223575257369891,False,IEFA,Conventional,Developed exUS
2019-11-30,64.02528,1115600000.0,71426602368.0,0.012859277926009716,2727476928.0000153,0.04021230684030593,False,IEFA,Conventional,Developed exUS
2019-12-31,65.318803,1133600000.0,74045395080.8,0.020203316564956886,1175738454.0,0.016460792128154555,False,IEFA,Conventional,Developed exUS
2020-01-31,63.881374,1173400000.0,74958404251.6,-0.022006358567226103,2542478685.200012,0.03433675628883609,False,IEFA,Conventional,Developed exUS
2020-02-29,58.040754,1185400000.0,68801509791.6,-0.09142915429464626,696489048.0000076,0.009291673895060817,False,IEFA,Conventional,Developed exUS
2020-03-31,49.957942,1194600000.0,59679757513.200005,-0.1392609751417081,459613066.3999939,0.006680275880459068,False,IEFA,Conventional,Developed exUS
2020-04-30,53.438426,1154400000.0,61689318974.4,0.06966828217223187,-2148224725.199997,-0.03599586886265165,True,IEFA,Conventional,Developed exUS
2020-05-31,56.032093,1143600000.0,64078301554.8,0.04853561742256418,-605146604.4000092,-0.009809584778381725,True,IEFA,Conventional,Developed exUS
2020-06-30,57.075521,1124200000.0,64164300708.200005,0.018621970805195565,-1107265107.4000015,-0.01727987603499547,True,IEFA,Conventional,Developed exUS
2020-07-31,58.481033,1132200000.0,66212225562.6,0.024625478232603415,467848263.9999924,0.007291410626099176,False,IEFA,Conventional,Developed exUS
2020-08-31,61.684109,1167800000.0,72034702490.2,0.054771193935647444,2195954280.399994,0.033165389952401474,False,IEFA,Conventional,Developed exUS
2020-09-30,60.228836,1182000000.0,71190484152.0,-0.023592348557713638,855249471.199997,0.01187274246487448,False,IEFA,Conventional,Developed exUS
2020-10-31,57.868522,1183400000.0,68481608934.799995,-0.03918910204407744,81015930.80000305,0.0011380162919952135,False,IEFA,Conventional,Developed exUS
2020-11-30,66.711995,1200600000.0,80094421197.0,0.15282009448936673,1147446314.0000153,0.01675553965287931,False,IEFA,Conventional,Developed exUS
2020-12-31,69.401882,1211400000.0,84073439854.8,0.040320889818989736,749540325.6000061,0.009358208903919025,False,IEFA,Conventional,Developed exUS
2021-01-31,68.739767,1211400000.0,83271353743.8,-0.009540303244226167,0.0,0.0,False,IEFA,Conventional,Developed exUS
2021-02-28,70.339048,1211400000.0,85208722747.20001,0.02326573204706972,0.0,0.0,False,IEFA,Conventional,Developed exUS
2021-03-31,71.984312,1211400000.0,87201795556.8,0.02339047864281585,-1.52587890625e-05,-1.7907543465673423e-16,True,IEFA,Conventional,Developed exUS
2021-04-30,74.309894,1227600000.0,91222825874.4,0.03230678929042208,1203820282.7999878,0.013804994210421551,False,IEFA,Conventional,Developed exUS
2021-05-31,76.782521,1262600000.0,96945611014.6,0.03327453272911418,2687388235.0,0.02945960300221489,False,IEFA,Conventional,Developed exUS
2021-06-30,74.676987,1282600000.0,95780703526.2,-0.027422048307062075,1493539740.0,0.01540595519868427,False,IEFA,Conventional,Developed exUS
2021-07-31,75.400598,1314200000.0,99091465891.6,0.009689879426977965,2382658896.800003,0.024876189139164624,False,IEFA,Conventional,Developed exUS
2021-08-31,76.704828,1322800000.0,101465146478.40001,0.017297342920277625,659661520.800003,0.006657097206752722,False,IEFA,Conventional,Developed exUS
2021-09-30,74.088221,1322800000.0,98003898738.8,-0.03411267671443052,-1.52587890625e-05,-1.503845368788612e-16,True,IEFA,Conventional,Developed exUS
2021-10-31,76.269814,1351400000.0,103071026639.59999,0.0294458818224288,2181316680.400009,0.022257448004325362,False,IEFA,Conventional,Developed exUS
2021-11-30,72.711206,1373000000.0,99832485838.0,-0.04665814446590877,1570562049.5999908,0.015237667662820963,False,IEFA,Conventional,Developed exUS
2021-12-31,74.733089,1395200000.0,104267605772.8,0.027807034310502354,1659074575.800003,0.016618584240126143,False,IEFA,Conventional,Developed exUS
2022-01-31,71.604404,1420000000.0,101678253680.0,-0.04186478896918078,1775789219.199997,0.017031073131855128,False,IEFA,Conventional,Developed exUS
2022-02-28,69.530531,1435800000.0,99831936409.79999,-0.028962925241302284,1098582389.800003,0.01080449702900526,False,IEFA,Conventional,Developed exUS
2022-03-31,69.379232,1442800000.0,100100355929.6,-0.0021760081193683556,485654624.00001526,0.004864722066558463,False,IEFA,Conventional,Developed exUS
2022-04-30,64.889302,1445600000.0,93803974971.2,-0.06471576393350675,181690045.59999084,0.0018150789166801005,False,IEFA,Conventional,Developed exUS
2022-05-31,66.00229,1440400000.0,95069698516.0,0.017152103130959828,-343211908.0,-0.003658820514859568,True,IEFA,Conventional,Developed exUS
2022-06-30,58.704499,1435400000.0,84264437864.59999,-0.11056875450836634,-293522495.0,-0.003087445312037051,True,IEFA,Conventional,Developed exUS
2022-07-31,61.880516,1435400000.0,88823292666.4,0.05410176484088547,1.52587890625e-05,1.8108219136308166e-16,False,IEFA,Conventional,Developed exUS
2022-08-31,58.26716,1435400000.0,83636681464.0,-0.058392467186278885,1.52587890625e-05,1.7178814930683247e-16,False,IEFA,Conventional,Developed exUS
2022-09-30,52.644546,1435400000.0,75565981328.4,-0.09649713492128331,0.0,0.0,False,IEFA,Conventional,Developed exUS
2022-10-31,55.654072,1435400000.0,79885854948.8,0.057166909559824175,0.0,0.0,False,IEFA,Conventional,Developed exUS
2022-11-30,63.183436,1435400000.0,90693504034.4,0.13528864518664507,0.0,0.0,False,IEFA,Conventional,Developed exUS
2022-12-31,61.772512,1440600000.0,88989480787.2,-0.022330599431154785,321217062.40000916,0.0035417868767995964,False,IEFA,Conventional,Developed exUS
2023-01-31,67.015486,1440600000.0,96542509131.59999,0.08487551874205801,-1.52587890625e-05,-1.7146733442560756e-16,True,IEFA,Conventional,Developed exUS
2023-02-28,65.00422,1440600000.0,93645079332.0,-0.030011958728464516,0.0,0.0,False,IEFA,Conventional,Developed exUS
2023-03-31,66.797643,1440600000.0,96228684505.79999,0.02758933189260615,0.0,0.0,False,IEFA,Conventional,Developed exUS
2023-04-30,68.602377,1440600000.0,98828584306.20001,0.027017929360172444,0.0,0.0,False,IEFA,Conventional,Developed exUS
2023-05-31,65.927832,1445200000.0,95278902806.4,-0.03898618556613587,303268027.19999695,0.003068626646116709,False,IEFA,Conventional,Developed exUS
2023-06-30,67.436168,1467400000.0,98955832923.2,0.022878592458493108,1497082929.600006,0.015712638217948133,False,IEFA,Conventional,Developed exUS
2023-07-31,69.404883,1469600000.0,101997416056.8,0.02919375549334302,152690742.6000061,0.0015430191236782372,False,IEFA,Conventional,Developed exUS
2023-08-31,66.72503,1473800000.0,98339349214.0,-0.03861187980102199,280245125.99998474,0.0027475708388918665,False,IEFA,Conventional,Developed exUS
2023-09-30,64.242693,1483400000.0,95297610796.2,-0.03720248608355814,616729852.800003,0.006271445334236591,False,IEFA,Conventional,Developed exUS
2023-10-31,62.111897,1499600000.0,93143000741.2,-0.03316791218574855,1006212731.4000092,0.010558635447344625,False,IEFA,Conventional,Developed exUS
2023-11-30,67.480078,1499600000.0,101193124968.8,0.08642758085459867,0.0,0.0,False,IEFA,Conventional,Developed exUS
2023-12-31,70.283619,1518000000.0,106690533642.0,0.04154620271778575,1293218589.600006,0.012779708008807247,False,IEFA,Conventional,Developed exUS
2024-01-31,69.747433,1525000000.0,106364835325.0,-0.007628890026280533,488232031.0,0.004576151363515175,False,IEFA,Conventional,Developed exUS
2024-02-29,71.658436,1528000000.0,109494090207.99998,0.027398900831231865,214975308.0,0.002021112591799145,False,IEFA,Conventional,Developed exUS
2024-03-31,74.039812,1554000000.0,115057867848.0,0.03323231894148515,1925035112.0000153,0.01758117820188405,False,IEFA,Conventional,Developed exUS
2024-04-30,71.666908,1571600000.0,112631712612.8,-0.03204902789326358,1261337580.7999878,0.01096263649232844,False,IEFA,Conventional,Developed exUS
2024-05-31,75.438222,1581200000.0,119282916626.4,0.052622808842262225,724206931.199997,0.006429866992164466,False,IEFA,Conventional,Developed exUS
2024-06-30,72.386624,1606600000.0,116296350118.4,-0.04045161615818571,1838620249.600006,0.015413944440666688,False,IEFA,Conventional,Developed exUS
2024-07-31,74.79115,1606600000.0,120159461590.0,0.033217822121390794,1.52587890625e-05,1.3120608726727194e-16,False,IEFA,Conventional,Developed exUS
2024-08-31,77.217027,1606600000.0,124056875578.2,0.032435348299899136,0.0,0.0,False,IEFA,Conventional,Developed exUS
2024-09-30,77.96143,1618600000.0,126188370597.99998,0.00964039964916008,935537160.0000153,0.0075411955656604765,False,IEFA,Conventional,Developed exUS
2024-10-31,73.584313,1642400000.0,120854875671.2,-0.056144647423732486,1751306649.4000092,0.013878510682883533,False,IEFA,Conventional,Developed exUS
2024-11-30,73.514139,1653400000.0,121548277422.6,-0.000953654347496502,808655529.0,0.0066911287154027875,False,IEFA,Conventional,Developed exUS
2024-12-31,70.294178,1676000000.0,117813042328.0,-0.043800567398334045,1588648422.7999878,0.013070102320550068,False,IEFA,Conventional,Developed exUS
2025-01-31,73.605977,1676000000.0,123363617452.0,0.04711341812688952,0.0,0.0,False,IEFA,Conventional,Developed exUS
2025-02-28,75.624703,1676000000.0,126747002228.0,0.027426115137361817,-1.52587890625e-05,-1.236895397335207e-16,True,IEFA,Conventional,Developed exUS
2025-03-31,75.603138,1688000000.0,127618096944.0,-0.0002851581446871032,907237655.9999847,0.0071578628295128595,False,IEFA,Conventional,Developed exUS
2025-04-30,78.792747,1690400000.0,133191259528.8,0.042188844066234354,189102592.80000305,0.0014817850863501202,False,IEFA,Conventional,Developed exUS
2025-05-31,82.538243,1690400000.0,139522645967.19998,0.04753605049459675,0.0,0.0,False,IEFA,Conventional,Developed exUS
2025-06-30,83.397934,1711800000.0,142760583421.2,0.010415668770657138,1784715787.600006,0.012791585016382003,False,IEFA,Conventional,Developed exUS
2025-07-31,81.484015,1729600000.0,140934752344.0,-0.022949237567443936,1450415467.0,0.010159775424289927,False,IEFA,Conventional,Developed exUS
2025-08-31,85.408055,1750200000.0,149481177861.0,0.04815717536746322,1759405933.0,0.012483833147877972,False,IEFA,Conventional,Developed exUS
2025-09-30,87.431823,1778800000.0,155523726752.4,0.023695282605370016,2500550137.8000183,0.016728193967840133,False,IEFA,Conventional,Developed exUS
2025-10-31,88.024189,1783000000.0,156947128987.0,0.0067751761278043166,369701593.7999878,0.0023771394983902847,False,IEFA,Conventional,Developed exUS
2025-11-30,88.726567,1803600000.0,160027236241.2,0.007979374851155852,1827767280.2000427,0.011645751610731519,False,IEFA,Conventional,Developed exUS
2025-12-31,89.307704,1821000000.0,162629328984.0,0.006549751891110622,1553954049.5999756,0.009710559815316615,False,IEFA,Conventional,Developed exUS
2019-02-28,51.285429,1143600000.0,58650016604.4,0.0026585821734446125,769281434.9999924,0.013326137455787274,False,IEMG,Conventional,Emerging
2019-03-31,51.70854,1146600000.0,59289011964.0,0.008250121101648578,155125620.0,0.0026449373586087317,False,IEMG,Conventional,Emerging
2019-04-30,52.687538,1149000000.0,60537981162.00001,0.018933004103384166,126450091.20000458,0.0021327744722206615,False,IEMG,Conventional,Emerging
2019-05-31,48.978601,1150800000.0,56364574030.799995,-0.0703949575324625,88161481.79999542,0.0014563003276253095,False,IEMG,Conventional,Emerging
2019-06-30,51.435846,1150800000.0,59192371576.799995,0.050169766996815524,7.62939453125e-06,1.3535797373508004e-16,False,IEMG,Conventional,Emerging
2019-07-31,50.804306,1140600000.0,57947391423.6,-0.012278207691966414,-518203921.19999695,-0.008754572715973135,True,IEMG,Conventional,Emerging
2019-08-31,48.316608,1097400000.0,53022645619.200005,-0.048966282503691616,-2087277465.5999985,-0.036020214444889086,True,IEMG,Conventional,Emerging
2019-09-30,49.244386,1101000000.0,54218068986.0,0.019202051600973213,177279789.59999847,0.0033434731053066085,False,IEMG,Conventional,Emerging
2019-10-31,51.29821,1098600000.0,56356213506.0,0.041706764299995536,-123115704.0,-0.0022707504398909984,True,IEMG,Conventional,Emerging
2019-11-30,51.179537,1116600000.0,57147071014.200005,-0.002313394560940707,921231666.0,0.01634658556153565,False,IEMG,Conventional,Emerging
2019-12-31,53.688328,1151400000.0,61816740859.2,0.04901941570905555,1868353814.4000015,0.032693780822743296,False,IEMG,Conventional,Emerging
2020-01-31,51.214142,1163400000.0,59582532802.8,-0.04608424386022969,614569704.0,0.009941800480873062,False,IEMG,Conventional,Emerging
2020-02-29,48.426337,1142400000.0,55322247388.799995,-0.054434281062445744,-1016953077.0,-0.017067973266020837,True,IEMG,Conventional,Emerging
2020-03-31,40.592801,1116600000.0,45325921596.6,-0.16176189415276232,-1047294265.800003,-0.018930797558524858,True,IEMG,Conventional,Emerging
2020-04-30,44.254611,1059600000.0,46892185815.6,0.09020835985178732,-2522512826.9999924,-0.055652764205222735,True,IEMG,Conventional,Emerging
2020-05-31,44.920359,1036200000.0,46546475995.799995,0.015043584949825828,-1051136400.5999985,-0.02241602480919771,True,IEMG,Conventional,Emerging
2020-06-30,47.810771,1036200000.0,49541520910.200005,0.0643452560118678,0.0,0.0,False,IEMG,Conventional,Emerging
2020-07-31,52.08835,1024200000.0,53348888070.0,0.08946893995915683,-625060200.0,-0.012616895656736037,True,IEMG,Conventional,Emerging
2020-08-31,53.326897,1024200000.0,54617407907.4,0.0237778121211365,0.0,0.0,False,IEMG,Conventional,Emerging
2020-09-30,52.479732,1018800000.0,53466350961.6,-0.015886260923826168,-283390552.80000305,-0.005188648887923644,True,IEMG,Conventional,Emerging
2020-10-31,53.405346,1018800000.0,54409366504.8,0.01763755196005956,7.62939453125e-06,1.4269525400619724e-16,False,IEMG,Conventional,Emerging
2020-11-30,58.583872,1047000000.0,61337313984.0,0.09696643478351397,1652065190.4000015,0.030363617452782803,False,IEMG,Conventional,Emerging
2020-12-31,62.10829,1106400000.0,68716612056.0,0.0601602092808069,3689232426.0,0.06014662505375351,False,IEMG,Conventional,Emerging
2021-01-31,63.831609,1155000000.0,73725508395.0,0.027747004465909608,3102216197.399994,0.04514506906818791,False,IEMG,Conventional,Emerging
2021-02-28,64.570461,1167000000.0,75353727987.0,0.011575017637421414,774845532.0000153,0.010509870313116275,False,IEMG,Conventional,Emerging
2021-03-31,63.833336,1221000000.0,77940503256.0,-0.011415823715429152,3447000143.9999847,0.045744254943758854,False,IEMG,Conventional,Emerging
2021-04-30,65.679939,1222800000.0,80313429409.20001,0.028928505318913666,118223890.2000122,0.0015168479193892184,False,IEMG,Conventional,Emerging
2021-05-31,66.474029,1233600000.0,82002362174.40001,0.012090297465105593,717919513.2000122,0.008938972205285677,False,IEMG,Conventional,Emerging
2021-06-30,67.049832,1248000000.0,83678190336.0,0.008662074627671323,965517580.800003,0.011774265462579859,False,IEMG,Conventional,Emerging
2021-07-31,62.905691,1255800000.0,78996966757.8,-0.061806881186518114,490664389.80000305,0.005863706992584298,False,IEMG,Conventional,Emerging
2021-08-31,64.191372,1255800000.0,80611524957.6,0.020438230302565197,0.0,0.0,False,IEMG,Conventional,Emerging
2021-09-30,61.769416,1271400000.0,78533635502.4,-0.03773024200199371,963602889.5999908,0.011953661590037232,False,IEMG,Conventional,Emerging
2021-10-31,62.439069,1271400000.0,79385032326.6,0.010841174214760274,1.52587890625e-05,1.942962268954643e-16,False,IEMG,Conventional,Emerging
2021-11-30,59.972037,1271400000.0,76248447841.8,-0.03951103114622034,0.0,0.0,False,IEMG,Conventional,Emerging
2021-12-31,59.905797,1279800000.0,76667439000.6,-0.0011045147591034477,503208694.80000305,0.006599592634909219,False,IEMG,Conventional,Emerging
2022-01-31,59.541248,1282800000.0,76379512934.40001,-0.006085371003410556,178623744.0,0.002329851450999975,False,IEMG,Conventional,Emerging
2022-02-28,56.735658,1282800000.0,72780502082.4,-0.04712010739176986,-1.52587890625e-05,-1.9977594090715529e-16,True,IEMG,Conventional,Emerging
2022-03-31,55.546791,1318200000.0,73221779896.2,-0.02095449390928017,1966356401.4000092,0.027017626220464334,False,IEMG,Conventional,Emerging
2022-04-30,52.4002,1332600000.0,69828506520.0,-0.056647574834701064,754562880.0,0.010305169869807545,False,IEMG,Conventional,Emerging
2022-05-31,52.839565,1332600000.0,70414004319.0,0.008384796241235781,0.0,0.0,False,IEMG,Conventional,Emerging
2022-06-30,48.948246,1336800000.0,65434015252.799995,-0.07364403927246566,205582633.19999695,0.0029196270711808396,False,IEMG,Conventional,Emerging
2022-07-31,48.874672,1336800000.0,65335661529.6,-0.0015030977820942315,7.62939453125e-06,1.1659676548618235e-16,False,IEMG,Conventional,Emerging
2022-08-31,48.749693,1338000000.0,65227089234.0,-0.0025571322504219784,58499631.599998474,0.0008953706173694362,False,IEMG,Conventional,Emerging
2022-09-30,43.246309,1312200000.0,56747806669.799995,-0.11289063912669162,-1115754772.199997,-0.01710569619621173,True,IEMG,Conventional,Emerging
2022-10-31,42.233985,1324200000.0,55926242936.99999,-0.02340833295160516,506807819.9999924,0.008930879442600641,False,IEMG,Conventional,Emerging
2022-11-30,48.683944,1344000000.0,65431220735.99999,0.1527196403559834,963942091.2000046,0.017235952936904234,False,IEMG,Conventional,Emerging
2022-12-31,46.794229,1352400000.0,63284515299.6,-0.03881598006932219,393071523.6000061,0.00600740012456683,False,IEMG,Conventional,Emerging
2023-01-31,50.690269,1416000000.0,71777420904.0,0.08325898477780247,3223901108.4000015,0.05094296911554885,False,IEMG,Conventional,Emerging
2023-02-28,47.347045,1431600000.0,67782029622.0,-0.06595396051261826,738613902.0,0.010290337723166069,False,IEMG,Conventional,Emerging
2023-03-31,48.78133,1431600000.0,69835352028.0,0.03029302039863313,0.0,0.0,False,IEMG,Conventional,Emerging
2023-04-30,48.52304,1431600000.0,69465584064.0,-0.005294853584352777,0.0,0.0,False,IEMG,Conventional,Emerging
2023-05-31,47.6597,1431600000.0,68229626520.0,-0.017792372448222515,0.0,0.0,False,IEMG,Conventional,Emerging
2023-06-30,49.186422,1446000000.0,71123566212.0,0.032033814732362886,708284476.800003,0.010380893358582069,False,IEMG,Conventional,Emerging
2023-07-31,52.193427,1450200000.0,75690907835.4,0.06113485953501563,219212393.3999939,0.003082134446782117,False,IEMG,Conventional,Emerging
2023-08-31,49.09776,1450200000.0,71201571552.0,-0.05931143398573924,0.0,0.0,False,IEMG,Conventional,Emerging
2023-09-30,47.798712,1450200000.0,69317692142.40001,-0.02645839647267001,0.0,0.0,False,IEMG,Conventional,Emerging
2023-10-31,46.074493,1449000000.0,66761940356.99999,-0.036072499192028595,-55289391.6000061,-0.0007976230871394934,True,IEMG,Conventional,Emerging
2023-11-30,49.686295,1446600000.0,71876194347.0,0.07839048820352734,-119247108.0,-0.0017861540177284098,True,IEMG,Conventional,Emerging
2023-12-31,50.563782,1477800000.0,74723157039.6,0.017660544019231006,1577589998.4000092,0.021948713516798144,False,IEMG,Conventional,Emerging
2024-01-31,48.410997,1477800000.0,71541771366.6,-0.04257563249521168,0.0,0.0,False,IEMG,Conventional,Emerging
2024-02-29,50.579432,1477800000.0,74746284609.59999,0.044792198764260105,-1.52587890625e-05,-2.1328503293984302e-16,True,IEMG,Conventional,Emerging
2024-03-31,51.674978,1477800000.0,76365282488.40001,0.021659911087969608,1.52587890625e-05,2.041411040320825e-16,False,IEMG,Conventional,Emerging
2024-04-30,51.72991,1477800000.0,76446460998.0,0.0010630289963546868,0.0,0.0,False,IEMG,Conventional,Emerging
2024-05-31,52.557818,1477800000.0,77669943440.4,0.01600443534504503,0.0,0.0,False,IEMG,Conventional,Emerging
2024-06-30,53.659548,1477800000.0,79298080034.4,0.02096224770975086,0.0,0.0,False,IEMG,Conventional,Emerging
2024-07-31,53.991384,1477800000.0,79788467275.2,0.00618409979897705,0.0,0.0,False,IEMG,Conventional,Emerging
2024-08-31,54.587703,1471200000.0,80309428653.59999,0.011044706688756234,-360278839.8000183,-0.004515424999422202,True,IEMG,Conventional,Emerging
2024-09-30,57.55531,1477800000.0,85055237118.0,0.054364020409505054,379865046.00001526,0.004730018036095034,False,IEMG,Conventional,Emerging
2024-10-31,55.404477,1477800000.0,81876736110.6,-0.03736984476323724,0.0,0.0,False,IEMG,Conventional,Emerging
2024-11-30,54.122025,1485000000.0,80371207125.0,-0.023147082500210248,389678580.0,0.004759332119365601,False,IEMG,Conventional,Emerging
2024-12-31,52.405031,1489800000.0,78073015183.8,-0.03172449663514987,251544148.80000305,0.003129779404815715,False,IEMG,Conventional,Emerging
2025-01-31,53.080391,1489800000.0,79079166511.8,0.012887312288776265,0.0,0.0,False,IEMG,Conventional,Emerging
2025-02-28,53.282376,1523400000.0,81170371598.4,0.0038052658655058913,1790287833.5999756,0.022639184409370742,False,IEMG,Conventional,Emerging
2025-03-31,53.898684,1540800000.0,83047092307.2,0.011566826524402885,937837101.5999908,0.011553933820089561,False,IEMG,Conventional,Emerging
2025-04-30,54.343456,1540800000.0,83732397004.8,0.008252001106372031,1.52587890625e-05,1.8373658413055718e-16,False,IEMG,Conventional,Emerging
2025-05-31,56.716748,1543200000.0,87525285513.6,0.043672084454842164,136120195.19999695,0.001625657452421836,False,IEMG,Conventional,Emerging
2025-06-30,59.745035,1596600000.0,95388922881.0,0.053393170567536785,3190384868.9999847,0.036451007846232626,False,IEMG,Conventional,Emerging
2025-07-31,60.455836,1635600000.0,98881565361.59999,0.011897239661839532,2357777604.0,0.02471751994664396,False,IEMG,Conventional,Emerging
2025-08-31,61.86768,1638600000.0,101376380448.0,0.02335331199456081,185603040.0,0.0018770236830421146,False,IEMG,Conventional,Emerging
2025-09-30,65.740109,1672800000.0,109970054335.20001,0.06259211594810088,2248311727.800003,0.02217786547383443,False,IEMG,Conventional,Emerging
2025-10-31,68.058474,1682400000.0,114501576657.6,0.03526560931013978,653361350.3999939,0.005941266050560287,False,IEMG,Conventional,Emerging
2025-11-30,66.813214,1750800000.0,116976575071.2,-0.01829691332779515,4570023837.599991,0.039912322354005395,False,IEMG,Conventional,Emerging
2025-12-31,67.226634,1786200000.0,120080213650.8,0.006187698140071474,2379822843.600006,0.02034443940721877,False,IEMG,Conventional,Emerging
2019-02-28,280.244437,569900000.0,159711304646.3,0.03209320800208837,518452208.4500122,0.0033612753011247405,False,IVV,Conventional,US
2019-03-31,284.569838,595650000.0,169504024004.7,0.015434386660099886,7327673328.5000305,0.04588074303649357,False,IVV,Conventional,US
2019-04-30,296.081275,604700000.0,179040346992.5,0.04045206294842818,2679535538.7499695,0.0158080939640446,False,IVV,Conventional,US
2019-05-31,277.257449,611750000.0,169612244425.75,-0.06357655005369722,1954665015.4499817,0.010917455469028232,False,IVV,Conventional,US
2019-06-30,294.975852,597950000.0,176380810703.4,0.06390595839320423,-4070666757.5999756,-0.023999840172989183,True,IVV,Conventional,US
2019-07-31,299.212571,608550000.0,182085810082.05002,0.014362935037814717,3171653252.600006,0.017981849839285653,False,IVV,Conventional,US
2019-08-31,294.463153,617750000.0,181904612765.75,-0.01587305634962788,2709061007.600006,0.01487793588297337,False,IVV,Conventional,US
2019-09-30,298.476144,624800000.0,186487894771.19998,0.013628160125012334,2104256815.1999817,0.01156791344213885,False,IVV,Conventional,US
2019-10-31,304.927275,626100000.0,190914966877.5,0.021613556492474872,396405457.4999695,0.0021256364011525528,False,IVV,Conventional,US
2019-11-30,315.98265,623900000.0,197141575335.0,0.03625577606988406,-695161829.9999695,-0.003641211798999593,True,IVV,Conventional,US
2019-12-31,323.44418,622700000.0,201408690886.0,0.02361373322237803,-388133016.0000305,-0.001968803461880029,True,IVV,Conventional,US
2020-01-31,323.314143,629000000.0,203364595947.0,-0.00040203845992847764,2036879100.9000244,0.010113163895459333,False,IVV,Conventional,US
2020-02-29,296.689407,649400000.0,192670100905.80002,-0.0823494318960244,6052463902.800018,0.029761640046615516,False,IVV,Conventional,US
2020-03-31,258.444701,628000000.0,162303272228.0,-0.12890485840635357,-5530716601.400024,-0.02870562985849109,True,IVV,Conventional,US
2020-04-30,291.579068,628000000.0,183111654704.0,0.12820679577407934,0.0,0.0,False,IVV,Conventional,US
2020-05-31,305.460186,623750000.0,190530791017.5,0.047606702686902036,-1298205790.5,-0.007089695042069003,True,IVV,Conventional,US
2020-06-30,310.250517,627750000.0,194759762046.75,0.015682341658758592,1241002068.0000305,0.006513393774164545,False,IVV,Conventional,US
2020-07-31,327.738784,628950000.0,206131308196.80002,0.05636821227279376,393286540.8000183,0.002019341863365052,False,IVV,Conventional,US
2020-08-31,351.289109,627500000.0,220433915897.5,0.07185699755327102,-509369208.0500183,-0.0024710909395854975,True,IVV,Conventional,US
2020-09-30,336.368029,638450000.0,214754168115.05,-0.04247521377043317,3683229917.549988,0.016708998261695175,False,IVV,Conventional,US
2020-10-31,327.413991,639750000.0,209463100742.25,-0.026619765340421098,425638188.2999878,0.0019819787063316096,False,IVV,Conventional,US
2020-11-30,363.248079,646100000.0,234694583841.90002,0.1094458055703551,2306625301.6500244,0.011012084197533144,False,IVV,Conventional,US
2020-12-31,375.544598,636000000.0,238846364328.0,0.03385157337611133,-3793000439.8000183,-0.01616143149837297,True,IVV,Conventional,US
2021-01-31,371.7461,629900000.0,234162868390.0,-0.010114638901023376,-2267651210.0,-0.009494183494817229,True,IVV,Conventional,US
2021-02-28,381.980251,651250000.0,248764638463.75,0.02752994853207613,8155278358.849976,0.03482737641079498,False,IVV,Conventional,US
2021-03-31,397.360566,658300000.0,261582460597.80002,0.04026468635416447,2801391990.3000183,0.01126121464690504,False,IVV,Conventional,US
2021-04-30,418.55568,665500000.0,278548805040.0,0.05333975188670337,3013600895.999939,0.011520653522078247,False,IVV,Conventional,US
2021-05-31,421.468715,663600000.0,279686639274.0,0.006959731140191439,-800790558.5,-0.002874866249686497,True,IVV,Conventional,US
2021-06-30,430.050789,667350000.0,286994394039.15,0.020362303759604128,1612690458.75,0.005766061843126153,False,IVV,Conventional,US
2021-07-31,440.258799,669950000.0,294951382390.05,0.02373675449761814,1144672877.3999634,0.003988485145266685,False,IVV,Conventional,US
2021-08-31,453.628577,673000000.0,305292032321.0,0.030367997256086632,1383567159.8500366,0.004690831243572129,False,IVV,Conventional,US
2021-09-30,430.883031,665900000.0,286925010342.9,-0.05014134283696148,-3059269520.0999756,-0.010020797126088438,True,IVV,Conventional,US
2021-10-31,461.059156,685800000.0,316194369184.8,0.07003321743714697,9175077204.400024,0.03197726539570398,False,IVV,Conventional,US
2021-11-30,457.857064,694950000.0,318187766626.8,-0.0069450784315407965,4189392135.5999756,0.013249420432125035,False,IVV,Conventional,US
2021-12-31,476.832393,701950000.0,334712498266.35004,0.04144378342495125,3337826751.0,0.010490116532088149,False,IVV,Conventional,US
2022-01-31,452.14445,704650000.0,318603586692.5,-0.051774886443169965,1220790014.999939,0.0036472794452643534,False,IVV,Conventional,US
2022-02-28,438.598986,724450000.0,317743035407.7,-0.02995826665571144,8684259922.799988,0.02725725724858708,False,IVV,Conventional,US
2022-03-31,453.38515,733850000.0,332716692327.5,0.033712262161955886,4261820410.0,0.01341278937721359,False,IVV,Conventional,US
2022-04-30,413.838365,707450000.0,292769951319.25,-0.08722558513440504,-10925332836.0,-0.03283674395646482,True,IVV,Conventional,US
2022-05-31,414.579226,726050000.0,301005247037.3,0.0017902182655298304,7711173603.599976,0.026338678436269414,False,IVV,Conventional,US
2022-06-30,379.139444,733950000.0,278269394923.80005,-0.08548373815527355,2995201607.6000366,0.009950662445525001,False,IVV,Conventional,US
2022-07-31,414.091328,739700000.0,306303355321.6,0.09218741165849242,2381025136.0,0.008556546926951878,False,IVV,Conventional,US
2022-08-31,397.196498,745200000.0,295990830309.60004,-0.040799767726601543,2184580739.000061,0.007132082300262051,False,IVV,Conventional,US
2022-09-30,358.741468,748300000.0,268446240504.4,-0.09681613557428703,1112098550.7999878,0.00375720609194804,False,IVV,Conventional,US
2022-10-31,387.777532,760050000.0,294730313196.6,0.08093868869377552,4556386000.999939,0.016973178661167567,False,IVV,Conventional,US
2022-11-30,409.434914,761950000.0,311968932722.3,0.055850017633306326,777926336.6000366,0.0026394513959652347,False,IVV,Conventional,US
2022-12-31,384.188538,753450000.0,289466853956.1,-0.06166151233502282,-3265602573.0,-0.010467717232301735,True,IVV,Conventional,US
2023-01-31,408.318449,752700000.0,307341296562.3,0.06280747240824769,-306238836.75,-0.0010579409440655463,True,IVV,Conventional,US
2023-02-28,398.347347,746800000.0,297485798739.60004,-0.02441991544692601,-2350249347.299988,-0.007647034009383694,True,IVV,Conventional,US
2023-03-31,411.241904,742750000.0,305449924196.0,0.03237013399765387,-1665529711.1999512,-0.005598686452450959,True,IVV,Conventional,US
2023-04-30,417.651748,746350000.0,311714382119.8,0.015586553650427604,1503546292.7999878,0.004922398644418054,False,IVV,Conventional,US
2023-05-31,419.456937,739900000.0,310356187686.3,0.00432223499277673,-2705497243.6499634,-0.008679411021241137,True,IVV,Conventional,US
2023-06-30,445.761635,749850000.0,334254362004.75,0.06271131951740738,4435328268.25,0.014291090186779569,False,IVV,Conventional,US
2023-07-31,460.069489,774200000.0,356185798383.8,0.032097544688878266,11202692057.150024,0.03351547004490797,False,IVV,Conventional,US
2023-08-31,452.776747,782700000.0,354388359876.9,-0.015851392396942887,3848602349.500061,0.010805041545629189,False,IVV,Conventional,US
2023-09-30,429.182727,792050000.0,339934178920.35,-0.0521096106554253,4012858497.449951,0.011323336067933646,False,IVV,Conventional,US
2023-10-31,420.15388,812250000.0,341269989030.0,-0.021037302836281135,8487108376.0,0.024966916839476196,False,IVV,Conventional,US
2023-11-30,458.512661,825300000.0,378410499123.3,0.09129698147735765,5983590226.050049,0.017533303303514478,False,IVV,Conventional,US
2023-12-31,477.376603,837150000.0,399635823201.45,0.0411415945611151,5656912745.549988,0.014949143215254075,False,IVV,Conventional,US
2024-01-31,485.382541,861900000.0,418351212087.9,0.016770696237913496,12013217889.75,0.030060412986786546,False,IVV,Conventional,US
2024-02-29,511.284836,870200000.0,444920064287.2,0.05336470270775551,4243664138.800049,0.010143783539244078,False,IVV,Conventional,US
2024-03-31,526.051078,864250000.0,454639644161.49994,0.02888065704338616,-3130003914.1000366,-0.007034980360156539,True,IVV,Conventional,US
2024-04-30,504.550189,863150000.0,435502495635.35,-0.04087224586963012,-555005207.8999634,-0.00122075849527722,True,IVV,Conventional,US
2024-05-31,529.553857,872500000.0,462035740232.5,0.04955635444227324,4951328562.950073,0.01136923120435081,False,IVV,Conventional,US
2024-06-30,546.902038,892200000.0,487945998303.6,0.03275999366387383,10773970148.600037,0.023318477793900727,False,IVV,Conventional,US
2024-07-31,553.546134,909400000.0,503394854259.60004,0.012148603476222819,9520993504.799927,0.01951239181774366,False,IVV,Conventional,US
2024-08-31,566.957103,920050000.0,521628882615.14996,0.02422737361218741,6038093146.949951,0.01199474546840742,False,IVV,Conventional,US
2024-09-30,576.796799,920750000.0,531085652679.24994,0.017355274231390938,403757759.2999878,0.0007740325981870031,False,IVV,Conventional,US
2024-10-31,571.554157,940600000.0,537603840074.2,-0.009089235600976187,11345350016.450012,0.021362561687016716,False,IVV,Conventional,US
2024-11-30,605.088092,953650000.0,577042258935.7999,0.058671491737571024,7896399600.599976,0.01468813838738599,False,IVV,Conventional,US
2024-12-31,588.568544,995200000.0,585743414988.7999,-0.027301062801282194,24455023003.200073,0.042379951597134015,False,IVV,Conventional,US
2025-01-31,604.942933,993250000.0,600859568202.25,0.027820700183392777,-1179638719.3499756,-0.0020139171677628362,True,IVV,Conventional,US
2025-02-28,597.032492,995050000.0,594077181164.6001,-0.013076342525022877,1074658485.6000977,0.0017885351960283112,False,IVV,Conventional,US
2025-03-31,561.614001,1032500000.0,579866456032.5,-0.059324226863016416,21032444337.44995,0.03540355530272846,False,IVV,Conventional,US
2025-04-30,557.788206,1006450000.0,561385939928.7,-0.006812143203673626,-14530382766.299927,-0.02505815367510332,True,IVV,Conventional,US
2025-05-31,592.884532,982250000.0,582360831557.0,0.0629205236368875,-14347805674.400024,-0.025557828677045775,True,IVV,Conventional,US
2025-06-30,621.10091,1002750000.0,622808937502.5,0.04759169193504942,12732568655.0,0.021863710546875557,False,IVV,Conventional,US
2025-07-31,635.02612,1007200000.0,639598308064.0,0.022420205438114627,2825866234.0,0.004537292360209035,False,IVV,Conventional,US
2025-08-31,647.904889,1019600000.0,660603824824.4,0.020280691761151548,8034020623.599976,0.012561041082047497,False,IVV,Conventional,US
2025-09-30,669.533043,1047550000.0,701369339194.65,0.03338168050156498,18713448551.850098,0.028327793222851016,False,IVV,Conventional,US
2025-10-31,685.190621,1048900000.0,718696442366.8999,0.023385818166408168,925007338.3499756,0.0013188591041235402,False,IVV,Conventional,US
2025-11-30,686.85126,1066600000.0,732595553916.0,0.0024236160698996034,12157267302.0,0.016915719329237508,False,IVV,Conventional,US
2025-12-31,684.815004,1110700000.0,760624024942.8,-0.0029646243933512118,30200341676.400024,0.04122375779509961,False,IVV,Conventional,US
